{
  "version": "2.0",
  "service": "<fullname>AWS CloudTrail</fullname> <p>This is the CloudTrail API Reference. It provides descriptions of actions, data types, common parameters, and common errors for CloudTrail.</p> <p>CloudTrail is a web service that records AWS API calls for your AWS account and delivers log files to an Amazon S3 bucket. The recorded information includes the identity of the user, the start time of the AWS API call, the source IP address, the request parameters, and the response elements returned by the service.</p> <note> <p>As an alternative to the API, you can use one of the AWS SDKs, which consist of libraries and sample code for various programming languages and platforms (Java, Ruby, .NET, iOS, Android, etc.). The SDKs provide a convenient way to create programmatic access to AWSCloudTrail. For example, the SDKs take care of cryptographically signing requests, managing errors, and retrying requests automatically. For information about the AWS SDKs, including how to download and install them, see the <a href=\"http://aws.amazon.com/tools/\">Tools for Amazon Web Services page</a>.</p> </note> <p>See the <a href=\"http://docs.aws.amazon.com/awscloudtrail/latest/userguide/cloudtrail-user-guide.html\">AWS CloudTrail User Guide</a> for information about the data that is included with each AWS API call listed in the log files.</p>",
  "operations": {
    "AddTags": "<p>Adds one or more tags to a trail, up to a limit of 50. Tags must be unique per trail. Overwrites an existing tag's value when a new value is specified for an existing tag key. If you specify a key without a value, the tag will be created with the specified key and a value of null. You can tag a trail that applies to all regions only from the region in which the trail was created (that is, from its home region).</p>",
    "CreateTrail": "<p>Creates a trail that specifies the settings for delivery of log data to an Amazon S3 bucket. A maximum of five trails can exist in a region, irrespective of the region in which they were created.</p>",
    "DeleteTrail": "<p>Deletes a trail. This operation must be called from the region in which the trail was created. <code>DeleteTrail</code> cannot be called on the shadow trails (replicated trails in other regions) of a trail that is enabled in all regions.</p>",
    "DescribeTrails": "<p>Retrieves settings for the trail associated with the current region for your account.</p>",
    "GetEventSelectors": "<p>Describes the settings for the event selectors that you configured for your trail. The information returned for your event selectors includes the following:</p> <ul> <li> <p>If your event selector includes read-only events, write-only events, or all events. This applies to both management events and data events.</p> </li> <li> <p>If your event selector includes management events.</p> </li> <li> <p>If your event selector includes data events, the Amazon S3 objects or AWS Lambda functions that you are logging for data events.</p> </li> </ul> <p>For more information, see <a href=\"http://docs.aws.amazon.com/awscloudtrail/latest/userguide/logging-management-and-data-events-with-cloudtrail.html\">Logging Data and Management Events for Trails </a> in the <i>AWS CloudTrail User Guide</i>.</p>",
    "GetTrailStatus": "<p>Returns a JSON-formatted list of information about the specified trail. Fields include information on delivery errors, Amazon SNS and Amazon S3 errors, and start and stop logging times for each trail. This operation returns trail status from a single region. To return trail status from all regions, you must call the operation on each region.</p>",
    "ListPublicKeys": "<p>Returns all public keys whose private keys were used to sign the digest files within the specified time range. The public key is needed to validate digest files that were signed with its corresponding private key.</p> <note> <p>CloudTrail uses different private/public key pairs per region. Each digest file is signed with a private key unique to its region. Therefore, when you validate a digest file from a particular region, you must look in the same region for its corresponding public key.</p> </note>",
    "ListTags": "<p>Lists the tags for the trail in the current region.</p>",
    "LookupEvents": "<p>Looks up <a href=\"https://docs.aws.amazon.com/awscloudtrail/latest/userguide/cloudtrail-concepts.html#cloudtrail-concepts-management-events\">management events</a> captured by CloudTrail. Events for a region can be looked up in that region during the last 90 days. Lookup supports the following attributes:</p> <ul> <li> <p>AWS access key</p> </li> <li> <p>Event ID</p> </li> <li> <p>Event name</p> </li> <li> <p>Event source</p> </li> <li> <p>Read only</p> </li> <li> <p>Resource name</p> </li> <li> <p>Resource type</p> </li> <li> <p>User name</p> </li> </ul> <p>All attributes are optional. The default number of results returned is 50, with a maximum of 50 possible. The response includes a token that you can use to get the next page of results.</p> <important> <p>The rate of lookup requests is limited to one per second per account. If this limit is exceeded, a throttling error occurs.</p> </important> <important> <p>Events that occurred during the selected time range will not be available for lookup if CloudTrail logging was not enabled when the events occurred.</p> </important>",
    "PutEventSelectors": "<p>Configures an event selector for your trail. Use event selectors to further specify the management and data event settings for your trail. By default, trails created without specific event selectors will be configured to log all read and write management events, and no data events. </p> <p>When an event occurs in your account, CloudTrail evaluates the event selectors in all trails. For each trail, if the event matches any event selector, the trail processes and logs the event. If the event doesn't match any event selector, the trail doesn't log the event. </p> <p>Example</p> <ol> <li> <p>You create an event selector for a trail and specify that you want write-only events.</p> </li> <li> <p>The EC2 <code>GetConsoleOutput</code> and <code>RunInstances</code> API operations occur in your account.</p> </li> <li> <p>CloudTrail evaluates whether the events match your event selectors.</p> </li> <li> <p>The <code>RunInstances</code> is a write-only event and it matches your event selector. The trail logs the event.</p> </li> <li> <p>The <code>GetConsoleOutput</code> is a read-only event but it doesn't match your event selector. The trail doesn't log the event. </p> </li> </ol> <p>The <code>PutEventSelectors</code> operation must be called from the region in which the trail was created; otherwise, an <code>InvalidHomeRegionException</code> is thrown.</p> <p>You can configure up to five event selectors for each trail. For more information, see <a href=\"http://docs.aws.amazon.com/awscloudtrail/latest/userguide/logging-management-and-data-events-with-cloudtrail.html\">Logging Data and Management Events for Trails </a> and <a href=\"https://docs.aws.amazon.com/awscloudtrail/latest/userguide/WhatIsCloudTrail-Limits.html\">Limits in AWS CloudTrail</a> in the <i>AWS CloudTrail User Guide</i>.</p>",
    "RemoveTags": "<p>Removes the specified tags from a trail.</p>",
    "StartLogging": "<p>Starts the recording of AWS API calls and log file delivery for a trail. For a trail that is enabled in all regions, this operation must be called from the region in which the trail was created. This operation cannot be called on the shadow trails (replicated trails in other regions) of a trail that is enabled in all regions.</p>",
    "StopLogging": "<p>Suspends the recording of AWS API calls and log file delivery for the specified trail. Under most circumstances, there is no need to use this action. You can update a trail without stopping it first. This action is the only way to stop recording. For a trail enabled in all regions, this operation must be called from the region in which the trail was created, or an <code>InvalidHomeRegionException</code> will occur. This operation cannot be called on the shadow trails (replicated trails in other regions) of a trail enabled in all regions.</p>",
    "UpdateTrail": "<p>Updates the settings that specify delivery of log files. Changes to a trail do not require stopping the CloudTrail service. Use this action to designate an existing bucket for log delivery. If the existing bucket has previously been a target for CloudTrail log files, an IAM policy exists for the bucket. <code>UpdateTrail</code> must be called from the region in which the trail was created; otherwise, an <code>InvalidHomeRegionException</code> is thrown.</p>"
  },
  "shapes": {
    "AddTagsRequest": {
      "base": "<p>Specifies the tags to add to a trail.</p>",
      "refs": {
      }
    },
    "AddTagsResponse": {
      "base": "<p>Returns the objects or data listed below if successful. Otherwise, returns an error.</p>",
      "refs": {
      }
    },
    "Boolean": {
      "base": null,
      "refs": {
        "CreateTrailRequest$IncludeGlobalServiceEvents": "<p>Specifies whether the trail is publishing events from global services such as IAM to the log files.</p>",
        "CreateTrailRequest$IsMultiRegionTrail": "<p>Specifies whether the trail is created in the current region or in all regions. The default is false.</p>",
        "CreateTrailRequest$EnableLogFileValidation": "<p>Specifies whether log file integrity validation is enabled. The default is false.</p> <note> <p>When you disable log file integrity validation, the chain of digest files is broken after one hour. CloudTrail will not create digest files for log files that were delivered during a period in which log file integrity validation was disabled. For example, if you enable log file integrity validation at noon on January 1, disable it at noon on January 2, and re-enable it at noon on January 10, digest files will not be created for the log files delivered from noon on January 2 to noon on January 10. The same applies whenever you stop CloudTrail logging or delete a trail.</p> </note>",
        "CreateTrailResponse$IncludeGlobalServiceEvents": "<p>Specifies whether the trail is publishing events from global services such as IAM to the log files.</p>",
        "CreateTrailResponse$IsMultiRegionTrail": "<p>Specifies whether the trail exists in one region or in all regions.</p>",
        "CreateTrailResponse$LogFileValidationEnabled": "<p>Specifies whether log file integrity validation is enabled.</p>",
        "DescribeTrailsRequest$includeShadowTrails": "<p>Specifies whether to include shadow trails in the response. A shadow trail is the replication in a region of a trail that was created in a different region. The default is true.</p>",
        "EventSelector$IncludeManagementEvents": "<p>Specify if you want your event selector to include management events for your trail.</p> <p> For more information, see <a href=\"http://docs.aws.amazon.com/awscloudtrail/latest/userguide/logging-management-and-data-events-with-cloudtrail.html#logging-management-events\">Management Events</a> in the <i>AWS CloudTrail User Guide</i>.</p> <p>By default, the value is <code>true</code>.</p>",
        "GetTrailStatusResponse$IsLogging": "<p>Whether the CloudTrail is currently logging AWS API calls.</p>",
        "Trail$IncludeGlobalServiceEvents": "<p>Set to <b>True</b> to include AWS API calls from AWS global services such as IAM. Otherwise, <b>False</b>.</p>",
        "Trail$IsMultiRegionTrail": "<p>Specifies whether the trail belongs only to one region or exists in all regions.</p>",
        "Trail$LogFileValidationEnabled": "<p>Specifies whether log file validation is enabled.</p>",
        "Trail$HasCustomEventSelectors": "<p>Specifies if the trail has custom event selectors.</p>",
        "UpdateTrailRequest$IncludeGlobalServiceEvents": "<p>Specifies whether the trail is publishing events from global services such as IAM to the log files.</p>",
        "UpdateTrailRequest$IsMultiRegionTrail": "<p>Specifies whether the trail applies only to the current region or to all regions. The default is false. If the trail exists only in the current region and this value is set to true, shadow trails (replications of the trail) will be created in the other regions. If the trail exists in all regions and this value is set to false, the trail will remain in the region where it was created, and its shadow trails in other regions will be deleted.</p>",
        "UpdateTrailRequest$EnableLogFileValidation": "<p>Specifies whether log file validation is enabled. The default is false.</p> <note> <p>When you disable log file integrity validation, the chain of digest files is broken after one hour. CloudTrail will not create digest files for log files that were delivered during a period in which log file integrity validation was disabled. For example, if you enable log file integrity validation at noon on January 1, disable it at noon on January 2, and re-enable it at noon on January 10, digest files will not be created for the log files delivered from noon on January 2 to noon on January 10. The same applies whenever you stop CloudTrail logging or delete a trail.</p> </note>",
        "UpdateTrailResponse$IncludeGlobalServiceEvents": "<p>Specifies whether the trail is publishing events from global services such as IAM to the log files.</p>",
        "UpdateTrailResponse$IsMultiRegionTrail": "<p>Specifies whether the trail exists in one region or in all regions.</p>",
        "UpdateTrailResponse$LogFileValidationEnabled": "<p>Specifies whether log file integrity validation is enabled.</p>"
      }
    },
    "ByteBuffer": {
      "base": null,
      "refs": {
        "PublicKey$Value": "<p>The DER encoded public key value in PKCS#1 format.</p>"
      }
    },
    "CloudTrailARNInvalidException": {
      "base": "<p>This exception is thrown when an operation is called with an invalid trail ARN. The format of a trail ARN is:</p> <p> <code>arn:aws:cloudtrail:us-east-2:123456789012:trail/MyTrail</code> </p>",
      "refs": {
      }
    },
    "CloudWatchLogsDeliveryUnavailableException": {
      "base": "<p>Cannot set a CloudWatch Logs delivery for this region.</p>",
      "refs": {
      }
    },
    "CreateTrailRequest": {
      "base": "<p>Specifies the settings for each trail.</p>",
      "refs": {
      }
    },
    "CreateTrailResponse": {
      "base": "<p>Returns the objects or data listed below if successful. Otherwise, returns an error.</p>",
      "refs": {
      }
    },
    "DataResource": {
      "base": "<p>The Amazon S3 buckets or AWS Lambda functions that you specify in your event selectors for your trail to log data events. Data events provide insight into the resource operations performed on or within a resource itself. These are also known as data plane operations. You can specify up to 250 data resources for a trail.</p> <note> <p>The total number of allowed data resources is 250. This number can be distributed between 1 and 5 event selectors, but the total cannot exceed 250 across all selectors.</p> </note> <p>The following example demonstrates how logging works when you configure logging of all data events for an S3 bucket named <code>bucket-1</code>. In this example, the CloudTrail user spcified an empty prefix, and the option to log both <code>Read</code> and <code>Write</code> data events.</p> <ol> <li> <p>A user uploads an image file to <code>bucket-1</code>.</p> </li> <li> <p>The <code>PutObject</code> API operation is an Amazon S3 object-level API. It is recorded as a data event in CloudTrail. Because the CloudTrail user specified an S3 bucket with an empty prefix, events that occur on any object in that bucket are logged. The trail processes and logs the event.</p> </li> <li> <p>A user uploads an object to an Amazon S3 bucket named <code>arn:aws:s3:::bucket-2</code>.</p> </li> <li> <p>The <code>PutObject</code> API operation occurred for an object in an S3 bucket that the CloudTrail user didn't specify for the trail. The trail doesn’t log the event.</p> </li> </ol> <p>The following example demonstrates how logging works when you configure logging of AWS Lambda data events for a Lambda function named <i>MyLambdaFunction</i>, but not for all AWS Lambda functions.</p> <ol> <li> <p>A user runs a script that includes a call to the <i>MyLambdaFunction</i> function and the <i>MyOtherLambdaFunction</i> function.</p> </li> <li> <p>The <code>Invoke</code> API operation on <i>MyLambdaFunction</i> is an AWS Lambda API. It is recorded as a data event in CloudTrail. Because the CloudTrail user specified logging data events for <i>MyLambdaFunction</i>, any invocations of that function are logged. The trail processes and logs the event. </p> </li> <li> <p>The <code>Invoke</code> API operation on <i>MyOtherLambdaFunction</i> is an AWS Lambda API. Because the CloudTrail user did not specify logging data events for all Lambda functions, the <code>Invoke</code> operation for <i>MyOtherLambdaFunction</i> does not match the function specified for the trail. The trail doesn’t log the event. </p> </li> </ol>",
      "refs": {
        "DataResources$member": null
      }
    },
    "DataResourceValues": {
      "base": null,
      "refs": {
        "DataResource$Values": "<p>An array of Amazon Resource Name (ARN) strings or partial ARN strings for the specified objects.</p> <ul> <li> <p>To log data events for all objects in all S3 buckets in your AWS account, specify the prefix as <code>arn:aws:s3:::</code>. </p> <note> <p>This will also enable logging of data event activity performed by any user or role in your AWS account, even if that activity is performed on a bucket that belongs to another AWS account. </p> </note> </li> <li> <p>To log data events for all objects in all S3 buckets that include <i>my-bucket</i> in their names, specify the prefix as <code>aws:s3:::my-bucket</code>. The trail logs data events for all objects in all buckets whose name contains a match for <i>my-bucket</i>. </p> </li> <li> <p>To log data events for all objects in an S3 bucket, specify the bucket and an empty object prefix such as <code>arn:aws:s3:::bucket-1/</code>. The trail logs data events for all objects in this S3 bucket.</p> </li> <li> <p>To log data events for specific objects, specify the S3 bucket and object prefix such as <code>arn:aws:s3:::bucket-1/example-images</code>. The trail logs data events for objects in this S3 bucket that match the prefix.</p> </li> <li> <p>To log data events for all functions in your AWS account, specify the prefix as <code>arn:aws:lambda</code>.</p> <note> <p>This will also enable logging of <code>Invoke</code> activity performed by any user or role in your AWS account, even if that activity is performed on a function that belongs to another AWS account. </p> </note> </li> <li> <p>To log data eents for a specific Lambda function, specify the function ARN.</p> <note> <p>Lambda function ARNs are exact. Unlike S3, you cannot use matching. For example, if you specify a function ARN <i>arn:aws:lambda:us-west-2:111111111111:function:helloworld</i>, data events will only be logged for <i>arn:aws:lambda:us-west-2:111111111111:function:helloworld</i>. They will not be logged for <i>arn:aws:lambda:us-west-2:111111111111:function:helloworld2</i>.</p> </note> </li> </ul>"
      }
    },
    "DataResources": {
      "base": null,
      "refs": {
        "EventSelector$DataResources": "<p>CloudTrail supports data event logging for Amazon S3 objects and AWS Lambda functions. You can specify up to 250 resources for an individual event selector, but the total number of data resources cannot exceed 250 across all event selectors in a trail. This limit does not apply if you configure resource logging for all data events. </p> <p>For more information, see <a href=\"http://docs.aws.amazon.com/awscloudtrail/latest/userguide/logging-management-and-data-events-with-cloudtrail.html#logging-data-events\">Data Events</a> and <a href=\"https://docs.aws.amazon.com/awscloudtrail/latest/userguide/WhatIsCloudTrail-Limits.html\">Limits in AWS CloudTrail</a> in the <i>AWS CloudTrail User Guide</i>.</p>"
      }
    },
    "Date": {
      "base": null,
      "refs": {
        "Event$EventTime": "<p>The date and time of the event returned.</p>",
        "GetTrailStatusResponse$LatestDeliveryTime": "<p>Specifies the date and time that CloudTrail last delivered log files to an account's Amazon S3 bucket.</p>",
        "GetTrailStatusResponse$LatestNotificationTime": "<p>Specifies the date and time of the most recent Amazon SNS notification that CloudTrail has written a new log file to an account's Amazon S3 bucket.</p>",
        "GetTrailStatusResponse$StartLoggingTime": "<p>Specifies the most recent date and time when CloudTrail started recording API calls for an AWS account.</p>",
        "GetTrailStatusResponse$StopLoggingTime": "<p>Specifies the most recent date and time when CloudTrail stopped recording API calls for an AWS account.</p>",
        "GetTrailStatusResponse$LatestCloudWatchLogsDeliveryTime": "<p>Displays the most recent date and time when CloudTrail delivered logs to CloudWatch Logs.</p>",
        "GetTrailStatusResponse$LatestDigestDeliveryTime": "<p>Specifies the date and time that CloudTrail last delivered a digest file to an account's Amazon S3 bucket.</p>",
        "ListPublicKeysRequest$StartTime": "<p>Optionally specifies, in UTC, the start of the time range to look up public keys for CloudTrail digest files. If not specified, the current time is used, and the current public key is returned.</p>",
        "ListPublicKeysRequest$EndTime": "<p>Optionally specifies, in UTC, the end of the time range to look up public keys for CloudTrail digest files. If not specified, the current time is used.</p>",
        "LookupEventsRequest$StartTime": "<p>Specifies that only events that occur after or at the specified time are returned. If the specified start time is after the specified end time, an error is returned.</p>",
        "LookupEventsRequest$EndTime": "<p>Specifies that only events that occur before or at the specified time are returned. If the specified end time is before the specified start time, an error is returned.</p>",
        "PublicKey$ValidityStartTime": "<p>The starting time of validity of the public key.</p>",
        "PublicKey$ValidityEndTime": "<p>The ending time of validity of the public key.</p>"
      }
    },
    "DeleteTrailRequest": {
      "base": "<p>The request that specifies the name of a trail to delete.</p>",
      "refs": {
      }
    },
    "DeleteTrailResponse": {
      "base": "<p>Returns the objects or data listed below if successful. Otherwise, returns an error.</p>",
      "refs": {
      }
    },
    "DescribeTrailsRequest": {
      "base": "<p>Returns information about the trail.</p>",
      "refs": {
      }
    },
    "DescribeTrailsResponse": {
      "base": "<p>Returns the objects or data listed below if successful. Otherwise, returns an error.</p>",
      "refs": {
      }
    },
    "Event": {
      "base": "<p>Contains information about an event that was returned by a lookup request. The result includes a representation of a CloudTrail event.</p>",
      "refs": {
        "EventsList$member": null
      }
    },
    "EventSelector": {
      "base": "<p>Use event selectors to further specify the management and data event settings for your trail. By default, trails created without specific event selectors will be configured to log all read and write management events, and no data events. When an event occurs in your account, CloudTrail evaluates the event selector for all trails. For each trail, if the event matches any event selector, the trail processes and logs the event. If the event doesn't match any event selector, the trail doesn't log the event.</p> <p>You can configure up to five event selectors for a trail.</p>",
      "refs": {
        "EventSelectors$member": null
      }
    },
    "EventSelectors": {
      "base": null,
      "refs": {
        "GetEventSelectorsResponse$EventSelectors": "<p>The event selectors that are configured for the trail.</p>",
        "PutEventSelectorsRequest$EventSelectors": "<p>Specifies the settings for your event selectors. You can configure up to five event selectors for a trail.</p>",
        "PutEventSelectorsResponse$EventSelectors": "<p>Specifies the event selectors configured for your trail.</p>"
      }
    },
    "EventsList": {
      "base": null,
      "refs": {
        "LookupEventsResponse$Events": "<p>A list of events returned based on the lookup attributes specified and the CloudTrail event. The events list is sorted by time. The most recent event is listed first.</p>"
      }
    },
    "GetEventSelectorsRequest": {
      "base": null,
      "refs": {
      }
    },
    "GetEventSelectorsResponse": {
      "base": null,
      "refs": {
      }
    },
    "GetTrailStatusRequest": {
      "base": "<p>The name of a trail about which you want the current status.</p>",
      "refs": {
      }
    },
    "GetTrailStatusResponse": {
      "base": "<p>Returns the objects or data listed below if successful. Otherwise, returns an error.</p>",
      "refs": {
      }
    },
    "InsufficientEncryptionPolicyException": {
      "base": "<p>This exception is thrown when the policy on the S3 bucket or KMS key is not sufficient.</p>",
      "refs": {
      }
    },
    "InsufficientS3BucketPolicyException": {
      "base": "<p>This exception is thrown when the policy on the S3 bucket is not sufficient.</p>",
      "refs": {
      }
    },
    "InsufficientSnsTopicPolicyException": {
      "base": "<p>This exception is thrown when the policy on the SNS topic is not sufficient.</p>",
      "refs": {
      }
    },
    "InvalidCloudWatchLogsLogGroupArnException": {
      "base": "<p>This exception is thrown when the provided CloudWatch log group is not valid.</p>",
      "refs": {
      }
    },
    "InvalidCloudWatchLogsRoleArnException": {
      "base": "<p>This exception is thrown when the provided role is not valid.</p>",
      "refs": {
      }
    },
    "InvalidEventSelectorsException": {
      "base": "<p>This exception is thrown when the <code>PutEventSelectors</code> operation is called with a number of event selectors or data resources that is not valid. The combination of event selectors and data resources is not valid. A trail can have up to 5 event selectors. A trail is limited to 250 data resources. These data resources can be distributed across event selectors, but the overall total cannot exceed 250.</p> <p>You can:</p> <ul> <li> <p>Specify a valid number of event selectors (1 to 5) for a trail.</p> </li> <li> <p>Specify a valid number of data resources (1 to 250) for an event selector. The limit of number of resources on an individual event selector is configurable up to 250. However, this upper limit is allowed only if the total number of data resources does not exceed 250 across all event selectors for a trail.</p> </li> <li> <p>Specify a valid value for a parameter. For example, specifying the <code>ReadWriteType</code> parameter with a value of <code>read-only</code> is invalid.</p> </li> </ul>",
      "refs": {
      }
    },
    "InvalidHomeRegionException": {
      "base": "<p>This exception is thrown when an operation is called on a trail from a region other than the region in which the trail was created.</p>",
      "refs": {
      }
    },
    "InvalidKmsKeyIdException": {
      "base": "<p>This exception is thrown when the KMS key ARN is invalid.</p>",
      "refs": {
      }
    },
    "InvalidLookupAttributesException": {
      "base": "<p>Occurs when an invalid lookup attribute is specified.</p>",
      "refs": {
      }
    },
    "InvalidMaxResultsException": {
      "base": "<p>This exception is thrown if the limit specified is invalid.</p>",
      "refs": {
      }
    },
    "InvalidNextTokenException": {
      "base": "<p>Invalid token or token that was previously used in a request with different parameters. This exception is thrown if the token is invalid.</p>",
      "refs": {
      }
    },
    "InvalidParameterCombinationException": {
      "base": "<p>This exception is thrown when the combination of parameters provided is not valid.</p>",
      "refs": {
      }
    },
    "InvalidS3BucketNameException": {
      "base": "<p>This exception is thrown when the provided S3 bucket name is not valid.</p>",
      "refs": {
      }
    },
    "InvalidS3PrefixException": {
      "base": "<p>This exception is thrown when the provided S3 prefix is not valid.</p>",
      "refs": {
      }
    },
    "InvalidSnsTopicNameException": {
      "base": "<p>This exception is thrown when the provided SNS topic name is not valid.</p>",
      "refs": {
      }
    },
    "InvalidTagParameterException": {
      "base": "<p>This exception is thrown when the key or value specified for the tag does not match the regular expression <code>^([\\\\p{L}\\\\p{Z}\\\\p{N}_.:/=+\\\\-@]*)$</code>.</p>",
      "refs": {
      }
    },
    "InvalidTimeRangeException": {
      "base": "<p>Occurs if the timestamp values are invalid. Either the start time occurs after the end time or the time range is outside the range of possible values.</p>",
      "refs": {
      }
    },
    "InvalidTokenException": {
      "base": "<p>Reserved for future use.</p>",
      "refs": {
      }
    },
    "InvalidTrailNameException": {
      "base": "<p>This exception is thrown when the provided trail name is not valid. Trail names must meet the following requirements:</p> <ul> <li> <p>Contain only ASCII letters (a-z, A-Z), numbers (0-9), periods (.), underscores (_), or dashes (-)</p> </li> <li> <p>Start with a letter or number, and end with a letter or number</p> </li> <li> <p>Be between 3 and 128 characters</p> </li> <li> <p>Have no adjacent periods, underscores or dashes. Names like <code>my-_namespace</code> and <code>my--namespace</code> are invalid.</p> </li> <li> <p>Not be in IP address format (for example, 192.168.5.4)</p> </li> </ul>",
      "refs": {
      }
    },
    "KmsException": {
      "base": "<p>This exception is thrown when there is an issue with the specified KMS key and the trail can’t be updated.</p>",
      "refs": {
      }
    },
    "KmsKeyDisabledException": {
      "base": "<p>This exception is deprecated.</p>",
      "refs": {
      }
    },
    "KmsKeyNotFoundException": {
      "base": "<p>This exception is thrown when the KMS key does not exist, or when the S3 bucket and the KMS key are not in the same region.</p>",
      "refs": {
      }
    },
    "ListPublicKeysRequest": {
      "base": "<p>Requests the public keys for a specified time range.</p>",
      "refs": {
      }
    },
    "ListPublicKeysResponse": {
      "base": "<p>Returns the objects or data listed below if successful. Otherwise, returns an error.</p>",
      "refs": {
      }
    },
    "ListTagsRequest": {
      "base": "<p>Specifies a list of trail tags to return.</p>",
      "refs": {
      }
    },
    "ListTagsResponse": {
      "base": "<p>Returns the objects or data listed below if successful. Otherwise, returns an error.</p>",
      "refs": {
      }
    },
    "LookupAttribute": {
      "base": "<p>Specifies an attribute and value that filter the events returned.</p>",
      "refs": {
        "LookupAttributesList$member": null
      }
    },
    "LookupAttributeKey": {
      "base": null,
      "refs": {
        "LookupAttribute$AttributeKey": "<p>Specifies an attribute on which to filter the events returned.</p>"
      }
    },
    "LookupAttributesList": {
      "base": null,
      "refs": {
        "LookupEventsRequest$LookupAttributes": "<p>Contains a list of lookup attributes. Currently the list can contain only one item.</p>"
      }
    },
    "LookupEventsRequest": {
      "base": "<p>Contains a request for LookupEvents.</p>",
      "refs": {
      }
    },
    "LookupEventsResponse": {
      "base": "<p>Contains a response to a LookupEvents action.</p>",
      "refs": {
      }
    },
    "MaxResults": {
      "base": null,
      "refs": {
        "LookupEventsRequest$MaxResults": "<p>The number of events to return. Possible values are 1 through 50. The default is 50.</p>"
      }
    },
    "MaximumNumberOfTrailsExceededException": {
      "base": "<p>This exception is thrown when the maximum number of trails is reached.</p>",
      "refs": {
      }
    },
    "NextToken": {
      "base": null,
      "refs": {
        "LookupEventsRequest$NextToken": "<p>The token to use to get the next page of results after a previous API call. This token must be passed in with the same parameters that were specified in the the original call. For example, if the original call specified an AttributeKey of 'Username' with a value of 'root', the call with NextToken should include those same parameters.</p>",
        "LookupEventsResponse$NextToken": "<p>The token to use to get the next page of results after a previous API call. If the token does not appear, there are no more results to return. The token must be passed in with the same parameters as the previous call. For example, if the original call specified an AttributeKey of 'Username' with a value of 'root', the call with NextToken should include those same parameters.</p>"
      }
    },
    "OperationNotPermittedException": {
      "base": "<p>This exception is thrown when the requested operation is not permitted.</p>",
      "refs": {
      }
    },
    "PublicKey": {
      "base": "<p>Contains information about a returned public key.</p>",
      "refs": {
        "PublicKeyList$member": null
      }
    },
    "PublicKeyList": {
      "base": null,
      "refs": {
        "ListPublicKeysResponse$PublicKeyList": "<p>Contains an array of PublicKey objects.</p> <note> <p>The returned public keys may have validity time ranges that overlap.</p> </note>"
      }
    },
    "PutEventSelectorsRequest": {
      "base": null,
      "refs": {
      }
    },
    "PutEventSelectorsResponse": {
      "base": null,
      "refs": {
      }
    },
    "ReadWriteType": {
      "base": null,
      "refs": {
        "EventSelector$ReadWriteType": "<p>Specify if you want your trail to log read-only events, write-only events, or all. For example, the EC2 <code>GetConsoleOutput</code> is a read-only API operation and <code>RunInstances</code> is a write-only API operation.</p> <p> By default, the value is <code>All</code>.</p>"
      }
    },
    "RemoveTagsRequest": {
      "base": "<p>Specifies the tags to remove from a trail.</p>",
      "refs": {
      }
    },
    "RemoveTagsResponse": {
      "base": "<p>Returns the objects or data listed below if successful. Otherwise, returns an error.</p>",
      "refs": {
      }
    },
    "Resource": {
      "base": "<p>Specifies the type and name of a resource referenced by an event.</p>",
      "refs": {
        "ResourceList$member": null
      }
    },
    "ResourceIdList": {
      "base": null,
      "refs": {
        "ListTagsRequest$ResourceIdList": "<p>Specifies a list of trail ARNs whose tags will be listed. The list has a limit of 20 ARNs. The format of a trail ARN is:</p> <p> <code>arn:aws:cloudtrail:us-east-2:123456789012:trail/MyTrail</code> </p>"
      }
    },
    "ResourceList": {
      "base": "<p>A list of resources referenced by the event returned.</p>",
      "refs": {
        "Event$Resources": "<p>A list of resources referenced by the event returned.</p>"
      }
    },
    "ResourceNotFoundException": {
      "base": "<p>This exception is thrown when the specified resource is not found.</p>",
      "refs": {
      }
    },
    "ResourceTag": {
      "base": "<p>A resource tag.</p>",
      "refs": {
        "ResourceTagList$member": null
      }
    },
    "ResourceTagList": {
      "base": null,
      "refs": {
        "ListTagsResponse$ResourceTagList": "<p>A list of resource tags.</p>"
      }
    },
    "ResourceTypeNotSupportedException": {
      "base": "<p>This exception is thrown when the specified resource type is not supported by CloudTrail.</p>",
      "refs": {
      }
    },
    "S3BucketDoesNotExistException": {
      "base": "<p>This exception is thrown when the specified S3 bucket does not exist.</p>",
      "refs": {
      }
    },
    "StartLoggingRequest": {
      "base": "<p>The request to CloudTrail to start logging AWS API calls for an account.</p>",
      "refs": {
      }
    },
    "StartLoggingResponse": {
      "base": "<p>Returns the objects or data listed below if successful. Otherwise, returns an error.</p>",
      "refs": {
      }
    },
    "StopLoggingRequest": {
      "base": "<p>Passes the request to CloudTrail to stop logging AWS API calls for the specified account.</p>",
      "refs": {
      }
    },
    "StopLoggingResponse": {
      "base": "<p>Returns the objects or data listed below if successful. Otherwise, returns an error.</p>",
      "refs": {
      }
    },
    "String": {
      "base": null,
      "refs": {
        "AddTagsRequest$ResourceId": "<p>Specifies the ARN of the trail to which one or more tags will be added. The format of a trail ARN is:</p> <p> <code>arn:aws:cloudtrail:us-east-2:123456789012:trail/MyTrail</code> </p>",
        "CreateTrailRequest$Name": "<p>Specifies the name of the trail. The name must meet the following requirements:</p> <ul> <li> <p>Contain only ASCII letters (a-z, A-Z), numbers (0-9), periods (.), underscores (_), or dashes (-)</p> </li> <li> <p>Start with a letter or number, and end with a letter or number</p> </li> <li> <p>Be between 3 and 128 characters</p> </li> <li> <p>Have no adjacent periods, underscores or dashes. Names like <code>my-_namespace</code> and <code>my--namespace</code> are invalid.</p> </li> <li> <p>Not be in IP address format (for example, 192.168.5.4)</p> </li> </ul>",
        "CreateTrailRequest$S3BucketName": "<p>Specifies the name of the Amazon S3 bucket designated for publishing log files. See <a href=\"http://docs.aws.amazon.com/awscloudtrail/latest/userguide/create_trail_naming_policy.html\">Amazon S3 Bucket Naming Requirements</a>.</p>",
        "CreateTrailRequest$S3KeyPrefix": "<p>Specifies the Amazon S3 key prefix that comes after the name of the bucket you have designated for log file delivery. For more information, see <a href=\"http://docs.aws.amazon.com/awscloudtrail/latest/userguide/cloudtrail-find-log-files.html\">Finding Your CloudTrail Log Files</a>. The maximum length is 200 characters.</p>",
        "CreateTrailRequest$SnsTopicName": "<p>Specifies the name of the Amazon SNS topic defined for notification of log file delivery. The maximum length is 256 characters.</p>",
        "CreateTrailRequest$CloudWatchLogsLogGroupArn": "<p>Specifies a log group name using an Amazon Resource Name (ARN), a unique identifier that represents the log group to which CloudTrail logs will be delivered. Not required unless you specify CloudWatchLogsRoleArn.</p>",
        "CreateTrailRequest$CloudWatchLogsRoleArn": "<p>Specifies the role for the CloudWatch Logs endpoint to assume to write to a user's log group.</p>",
        "CreateTrailRequest$KmsKeyId": "<p>Specifies the KMS key ID to use to encrypt the logs delivered by CloudTrail. The value can be an alias name prefixed by \"alias/\", a fully specified ARN to an alias, a fully specified ARN to a key, or a globally unique identifier.</p> <p>Examples:</p> <ul> <li> <p>alias/MyAliasName</p> </li> <li> <p>arn:aws:kms:us-east-2:123456789012:alias/MyAliasName</p> </li> <li> <p>arn:aws:kms:us-east-2:123456789012:key/12345678-1234-1234-1234-123456789012</p> </li> <li> <p>12345678-1234-1234-1234-123456789012</p> </li> </ul>",
        "CreateTrailResponse$Name": "<p>Specifies the name of the trail.</p>",
        "CreateTrailResponse$S3BucketName": "<p>Specifies the name of the Amazon S3 bucket designated for publishing log files.</p>",
        "CreateTrailResponse$S3KeyPrefix": "<p>Specifies the Amazon S3 key prefix that comes after the name of the bucket you have designated for log file delivery. For more information, see <a href=\"http://docs.aws.amazon.com/awscloudtrail/latest/userguide/cloudtrail-find-log-files.html\">Finding Your CloudTrail Log Files</a>.</p>",
        "CreateTrailResponse$SnsTopicName": "<p>This field is deprecated. Use SnsTopicARN.</p>",
        "CreateTrailResponse$SnsTopicARN": "<p>Specifies the ARN of the Amazon SNS topic that CloudTrail uses to send notifications when log files are delivered. The format of a topic ARN is:</p> <p> <code>arn:aws:sns:us-east-2:123456789012:MyTopic</code> </p>",
        "CreateTrailResponse$TrailARN": "<p>Specifies the ARN of the trail that was created. The format of a trail ARN is:</p> <p> <code>arn:aws:cloudtrail:us-east-2:123456789012:trail/MyTrail</code> </p>",
        "CreateTrailResponse$CloudWatchLogsLogGroupArn": "<p>Specifies the Amazon Resource Name (ARN) of the log group to which CloudTrail logs will be delivered.</p>",
        "CreateTrailResponse$CloudWatchLogsRoleArn": "<p>Specifies the role for the CloudWatch Logs endpoint to assume to write to a user's log group.</p>",
        "CreateTrailResponse$KmsKeyId": "<p>Specifies the KMS key ID that encrypts the logs delivered by CloudTrail. The value is a fully specified ARN to a KMS key in the format:</p> <p> <code>arn:aws:kms:us-east-2:123456789012:key/12345678-1234-1234-1234-123456789012</code> </p>",
        "DataResource$Type": "<p>The resource type in which you want to log data events. You can specify <code>AWS::S3::Object</code> or <code>AWS::Lambda::Function</code> resources.</p>",
        "DataResourceValues$member": null,
        "DeleteTrailRequest$Name": "<p>Specifies the name or the CloudTrail ARN of the trail to be deleted. The format of a trail ARN is: <code>arn:aws:cloudtrail:us-east-2:123456789012:trail/MyTrail</code> </p>",
        "Event$EventId": "<p>The CloudTrail ID of the event returned.</p>",
        "Event$EventName": "<p>The name of the event returned.</p>",
        "Event$ReadOnly": "<p>Information about whether the event is a write event or a read event. </p>",
        "Event$AccessKeyId": "<p>The AWS access key ID that was used to sign the request. If the request was made with temporary security credentials, this is the access key ID of the temporary credentials.</p>",
        "Event$EventSource": "<p>The AWS service that the request was made to.</p>",
        "Event$Username": "<p>A user name or role name of the requester that called the API in the event returned.</p>",
        "Event$CloudTrailEvent": "<p>A JSON string that contains a representation of the event returned.</p>",
        "GetEventSelectorsRequest$TrailName": "<p>Specifies the name of the trail or trail ARN. If you specify a trail name, the string must meet the following requirements:</p> <ul> <li> <p>Contain only ASCII letters (a-z, A-Z), numbers (0-9), periods (.), underscores (_), or dashes (-)</p> </li> <li> <p>Start with a letter or number, and end with a letter or number</p> </li> <li> <p>Be between 3 and 128 characters</p> </li> <li> <p>Have no adjacent periods, underscores or dashes. Names like <code>my-_namespace</code> and <code>my--namespace</code> are not valid.</p> </li> <li> <p>Not be in IP address format (for example, 192.168.5.4)</p> </li> </ul> <p>If you specify a trail ARN, it must be in the format:</p> <p> <code>arn:aws:cloudtrail:us-east-2:123456789012:trail/MyTrail</code> </p>",
        "GetEventSelectorsResponse$TrailARN": "<p>The specified trail ARN that has the event selectors.</p>",
        "GetTrailStatusRequest$Name": "<p>Specifies the name or the CloudTrail ARN of the trail for which you are requesting status. To get the status of a shadow trail (a replication of the trail in another region), you must specify its ARN. The format of a trail ARN is:</p> <p> <code>arn:aws:cloudtrail:us-east-2:123456789012:trail/MyTrail</code> </p>",
        "GetTrailStatusResponse$LatestDeliveryError": "<p>Displays any Amazon S3 error that CloudTrail encountered when attempting to deliver log files to the designated bucket. For more information see the topic <a href=\"http://docs.aws.amazon.com/AmazonS3/latest/API/ErrorResponses.html\">Error Responses</a> in the Amazon S3 API Reference. </p> <note> <p>This error occurs only when there is a problem with the destination S3 bucket and will not occur for timeouts. To resolve the issue, create a new bucket and call <code>UpdateTrail</code> to specify the new bucket, or fix the existing objects so that CloudTrail can again write to the bucket.</p> </note>",
        "GetTrailStatusResponse$LatestNotificationError": "<p>Displays any Amazon SNS error that CloudTrail encountered when attempting to send a notification. For more information about Amazon SNS errors, see the <a href=\"http://docs.aws.amazon.com/sns/latest/dg/welcome.html\">Amazon SNS Developer Guide</a>. </p>",
        "GetTrailStatusResponse$LatestCloudWatchLogsDeliveryError": "<p>Displays any CloudWatch Logs error that CloudTrail encountered when attempting to deliver logs to CloudWatch Logs.</p>",
        "GetTrailStatusResponse$LatestDigestDeliveryError": "<p>Displays any Amazon S3 error that CloudTrail encountered when attempting to deliver a digest file to the designated bucket. For more information see the topic <a href=\"http://docs.aws.amazon.com/AmazonS3/latest/API/ErrorResponses.html\">Error Responses</a> in the Amazon S3 API Reference. </p> <note> <p>This error occurs only when there is a problem with the destination S3 bucket and will not occur for timeouts. To resolve the issue, create a new bucket and call <code>UpdateTrail</code> to specify the new bucket, or fix the existing objects so that CloudTrail can again write to the bucket.</p> </note>",
        "GetTrailStatusResponse$LatestDeliveryAttemptTime": "<p>This field is deprecated.</p>",
        "GetTrailStatusResponse$LatestNotificationAttemptTime": "<p>This field is deprecated.</p>",
        "GetTrailStatusResponse$LatestNotificationAttemptSucceeded": "<p>This field is deprecated.</p>",
        "GetTrailStatusResponse$LatestDeliveryAttemptSucceeded": "<p>This field is deprecated.</p>",
        "GetTrailStatusResponse$TimeLoggingStarted": "<p>This field is deprecated.</p>",
        "GetTrailStatusResponse$TimeLoggingStopped": "<p>This field is deprecated.</p>",
        "ListPublicKeysRequest$NextToken": "<p>Reserved for future use.</p>",
        "ListPublicKeysResponse$NextToken": "<p>Reserved for future use.</p>",
        "ListTagsRequest$NextToken": "<p>Reserved for future use.</p>",
        "ListTagsResponse$NextToken": "<p>Reserved for future use.</p>",
        "LookupAttribute$AttributeValue": "<p>Specifies a value for the specified AttributeKey.</p>",
        "PublicKey$Fingerprint": "<p>The fingerprint of the public key.</p>",
        "PutEventSelectorsRequest$TrailName": "<p>Specifies the name of the trail or trail ARN. If you specify a trail name, the string must meet the following requirements:</p> <ul> <li> <p>Contain only ASCII letters (a-z, A-Z), numbers (0-9), periods (.), underscores (_), or dashes (-)</p> </li> <li> <p>Start with a letter or number, and end with a letter or number</p> </li> <li> <p>Be between 3 and 128 characters</p> </li> <li> <p>Have no adjacent periods, underscores or dashes. Names like <code>my-_namespace</code> and <code>my--namespace</code> are invalid.</p> </li> <li> <p>Not be in IP address format (for example, 192.168.5.4)</p> </li> </ul> <p>If you specify a trail ARN, it must be in the format:</p> <p> <code>arn:aws:cloudtrail:us-east-2:123456789012:trail/MyTrail</code> </p>",
        "PutEventSelectorsResponse$TrailARN": "<p>Specifies the ARN of the trail that was updated with event selectors. The format of a trail ARN is:</p> <p> <code>arn:aws:cloudtrail:us-east-2:123456789012:trail/MyTrail</code> </p>",
        "RemoveTagsRequest$ResourceId": "<p>Specifies the ARN of the trail from which tags should be removed. The format of a trail ARN is:</p> <p> <code>arn:aws:cloudtrail:us-east-2:123456789012:trail/MyTrail</code> </p>",
        "Resource$ResourceType": "<p>The type of a resource referenced by the event returned. When the resource type cannot be determined, null is returned. Some examples of resource types are: <b>Instance</b> for EC2, <b>Trail</b> for CloudTrail, <b>DBInstance</b> for RDS, and <b>AccessKey</b> for IAM. For a list of resource types supported for event lookup, see <a href=\"http://docs.aws.amazon.com/awscloudtrail/latest/userguide/lookup_supported_resourcetypes.html\">Resource Types Supported for Event Lookup</a>.</p>",
        "Resource$ResourceName": "<p>The name of the resource referenced by the event returned. These are user-created names whose values will depend on the environment. For example, the resource name might be \"auto-scaling-test-group\" for an Auto Scaling Group or \"i-1234567\" for an EC2 Instance.</p>",
        "ResourceIdList$member": null,
        "ResourceTag$ResourceId": "<p>Specifies the ARN of the resource.</p>",
        "StartLoggingRequest$Name": "<p>Specifies the name or the CloudTrail ARN of the trail for which CloudTrail logs AWS API calls. The format of a trail ARN is:</p> <p> <code>arn:aws:cloudtrail:us-east-2:123456789012:trail/MyTrail</code> </p>",
        "StopLoggingRequest$Name": "<p>Specifies the name or the CloudTrail ARN of the trail for which CloudTrail will stop logging AWS API calls. The format of a trail ARN is:</p> <p> <code>arn:aws:cloudtrail:us-east-2:123456789012:trail/MyTrail</code> </p>",
        "Tag$Key": "<p>The key in a key-value pair. The key must be must be no longer than 128 Unicode characters. The key must be unique for the resource to which it applies.</p>",
        "Tag$Value": "<p>The value in a key-value pair of a tag. The value must be no longer than 256 Unicode characters.</p>",
        "Trail$Name": "<p>Name of the trail set by calling <a>CreateTrail</a>. The maximum length is 128 characters.</p>",
        "Trail$S3BucketName": "<p>Name of the Amazon S3 bucket into which CloudTrail delivers your trail files. See <a href=\"http://docs.aws.amazon.com/awscloudtrail/latest/userguide/create_trail_naming_policy.html\">Amazon S3 Bucket Naming Requirements</a>.</p>",
        "Trail$S3KeyPrefix": "<p>Specifies the Amazon S3 key prefix that comes after the name of the bucket you have designated for log file delivery. For more information, see <a href=\"http://docs.aws.amazon.com/awscloudtrail/latest/userguide/cloudtrail-find-log-files.html\">Finding Your CloudTrail Log Files</a>.The maximum length is 200 characters.</p>",
        "Trail$SnsTopicName": "<p>This field is deprecated. Use SnsTopicARN.</p>",
        "Trail$SnsTopicARN": "<p>Specifies the ARN of the Amazon SNS topic that CloudTrail uses to send notifications when log files are delivered. The format of a topic ARN is:</p> <p> <code>arn:aws:sns:us-east-2:123456789012:MyTopic</code> </p>",
        "Trail$HomeRegion": "<p>The region in which the trail was created.</p>",
        "Trail$TrailARN": "<p>Specifies the ARN of the trail. The format of a trail ARN is:</p> <p> <code>arn:aws:cloudtrail:us-east-2:123456789012:trail/MyTrail</code> </p>",
        "Trail$CloudWatchLogsLogGroupArn": "<p>Specifies an Amazon Resource Name (ARN), a unique identifier that represents the log group to which CloudTrail logs will be delivered.</p>",
        "Trail$CloudWatchLogsRoleArn": "<p>Specifies the role for the CloudWatch Logs endpoint to assume to write to a user's log group.</p>",
        "Trail$KmsKeyId": "<p>Specifies the KMS key ID that encrypts the logs delivered by CloudTrail. The value is a fully specified ARN to a KMS key in the format:</p> <p> <code>arn:aws:kms:us-east-2:123456789012:key/12345678-1234-1234-1234-123456789012</code> </p>",
        "TrailNameList$member": null,
        "UpdateTrailRequest$Name": "<p>Specifies the name of the trail or trail ARN. If <code>Name</code> is a trail name, the string must meet the following requirements:</p> <ul> <li> <p>Contain only ASCII letters (a-z, A-Z), numbers (0-9), periods (.), underscores (_), or dashes (-)</p> </li> <li> <p>Start with a letter or number, and end with a letter or number</p> </li> <li> <p>Be between 3 and 128 characters</p> </li> <li> <p>Have no adjacent periods, underscores or dashes. Names like <code>my-_namespace</code> and <code>my--namespace</code> are invalid.</p> </li> <li> <p>Not be in IP address format (for example, 192.168.5.4)</p> </li> </ul> <p>If <code>Name</code> is a trail ARN, it must be in the format:</p> <p> <code>arn:aws:cloudtrail:us-east-2:123456789012:trail/MyTrail</code> </p>",
        "UpdateTrailRequest$S3BucketName": "<p>Specifies the name of the Amazon S3 bucket designated for publishing log files. See <a href=\"http://docs.aws.amazon.com/awscloudtrail/latest/userguide/create_trail_naming_policy.html\">Amazon S3 Bucket Naming Requirements</a>.</p>",
        "UpdateTrailRequest$S3KeyPrefix": "<p>Specifies the Amazon S3 key prefix that comes after the name of the bucket you have designated for log file delivery. For more information, see <a href=\"http://docs.aws.amazon.com/awscloudtrail/latest/userguide/cloudtrail-find-log-files.html\">Finding Your CloudTrail Log Files</a>. The maximum length is 200 characters.</p>",
        "UpdateTrailRequest$SnsTopicName": "<p>Specifies the name of the Amazon SNS topic defined for notification of log file delivery. The maximum length is 256 characters.</p>",
        "UpdateTrailRequest$CloudWatchLogsLogGroupArn": "<p>Specifies a log group name using an Amazon Resource Name (ARN), a unique identifier that represents the log group to which CloudTrail logs will be delivered. Not required unless you specify CloudWatchLogsRoleArn.</p>",
        "UpdateTrailRequest$CloudWatchLogsRoleArn": "<p>Specifies the role for the CloudWatch Logs endpoint to assume to write to a user's log group.</p>",
        "UpdateTrailRequest$KmsKeyId": "<p>Specifies the KMS key ID to use to encrypt the logs delivered by CloudTrail. The value can be an alias name prefixed by \"alias/\", a fully specified ARN to an alias, a fully specified ARN to a key, or a globally unique identifier.</p> <p>Examples:</p> <ul> <li> <p>alias/MyAliasName</p> </li> <li> <p>arn:aws:kms:us-east-2:123456789012:alias/MyAliasName</p> </li> <li> <p>arn:aws:kms:us-east-2:123456789012:key/12345678-1234-1234-1234-123456789012</p> </li> <li> <p>12345678-1234-1234-1234-123456789012</p> </li> </ul>",
        "UpdateTrailResponse$Name": "<p>Specifies the name of the trail.</p>",
        "UpdateTrailResponse$S3BucketName": "<p>Specifies the name of the Amazon S3 bucket designated for publishing log files.</p>",
        "UpdateTrailResponse$S3KeyPrefix": "<p>Specifies the Amazon S3 key prefix that comes after the name of the bucket you have designated for log file delivery. For more information, see <a href=\"http://docs.aws.amazon.com/awscloudtrail/latest/userguide/cloudtrail-find-log-files.html\">Finding Your CloudTrail Log Files</a>.</p>",
        "UpdateTrailResponse$SnsTopicName": "<p>This field is deprecated. Use SnsTopicARN.</p>",
        "UpdateTrailResponse$SnsTopicARN": "<p>Specifies the ARN of the Amazon SNS topic that CloudTrail uses to send notifications when log files are delivered. The format of a topic ARN is:</p> <p> <code>arn:aws:sns:us-east-2:123456789012:MyTopic</code> </p>",
        "UpdateTrailResponse$TrailARN": "<p>Specifies the ARN of the trail that was updated. The format of a trail ARN is:</p> <p> <code>arn:aws:cloudtrail:us-east-2:123456789012:trail/MyTrail</code> </p>",
        "UpdateTrailResponse$CloudWatchLogsLogGroupArn": "<p>Specifies the Amazon Resource Name (ARN) of the log group to which CloudTrail logs will be delivered.</p>",
        "UpdateTrailResponse$CloudWatchLogsRoleArn": "<p>Specifies the role for the CloudWatch Logs endpoint to assume to write to a user's log group.</p>",
        "UpdateTrailResponse$KmsKeyId": "<p>Specifies the KMS key ID that encrypts the logs delivered by CloudTrail. The value is a fully specified ARN to a KMS key in the format:</p> <p> <code>arn:aws:kms:us-east-2:123456789012:key/12345678-1234-1234-1234-123456789012</code> </p>"
      }
    },
    "Tag": {
      "base": "<p>A custom key-value pair associated with a resource such as a CloudTrail trail.</p>",
      "refs": {
        "TagsList$member": null
      }
    },
    "TagsLimitExceededException": {
      "base": "<p>The number of tags per trail has exceeded the permitted amount. Currently, the limit is 50.</p>",
      "refs": {
      }
    },
    "TagsList": {
      "base": "<p>A list of tags.</p>",
      "refs": {
        "AddTagsRequest$TagsList": "<p>Contains a list of CloudTrail tags, up to a limit of 50</p>",
        "RemoveTagsRequest$TagsList": "<p>Specifies a list of tags to be removed.</p>",
        "ResourceTag$TagsList": "<p>A list of tags.</p>"
      }
    },
    "Trail": {
      "base": "<p>The settings for a trail.</p>",
      "refs": {
        "TrailList$member": null
      }
    },
    "TrailAlreadyExistsException": {
      "base": "<p>This exception is thrown when the specified trail already exists.</p>",
      "refs": {
      }
    },
    "TrailList": {
      "base": null,
      "refs": {
        "DescribeTrailsResponse$trailList": "<p>The list of trail objects.</p>"
      }
    },
    "TrailNameList": {
      "base": null,
      "refs": {
        "DescribeTrailsRequest$trailNameList": "<p>Specifies a list of trail names, trail ARNs, or both, of the trails to describe. The format of a trail ARN is:</p> <p> <code>arn:aws:cloudtrail:us-east-2:123456789012:trail/MyTrail</code> </p> <p>If an empty list is specified, information for the trail in the current region is returned.</p> <ul> <li> <p>If an empty list is specified and <code>IncludeShadowTrails</code> is false, then information for all trails in the current region is returned.</p> </li> <li> <p>If an empty list is specified and IncludeShadowTrails is null or true, then information for all trails in the current region and any associated shadow trails in other regions is returned.</p> </li> </ul> <note> <p>If one or more trail names are specified, information is returned only if the names match the names of trails belonging only to the current region. To return information about a trail in another region, you must specify its trail ARN.</p> </note>"
      }
    },
    "TrailNotFoundException": {
      "base": "<p>This exception is thrown when the trail with the given name is not found.</p>",
      "refs": {
      }
    },
    "TrailNotProvidedException": {
      "base": "<p>This exception is deprecated.</p>",
      "refs": {
      }
    },
    "UnsupportedOperationException": {
      "base": "<p>This exception is thrown when the requested operation is not supported.</p>",
      "refs": {
      }
    },
    "UpdateTrailRequest": {
      "base": "<p>Specifies settings to update for the trail.</p>",
      "refs": {
      }
    },
    "UpdateTrailResponse": {
      "base": "<p>Returns the objects or data listed below if successful. Otherwise, returns an error.</p>",
      "refs": {
      }
    }
  }
}
