{
	"ImportPath": "github.com/hashicorp/serf",
	"GoVersion": "go1.3rc1",
	"Deps": [
		{
			"ImportPath": "code.google.com/p/go.net/ipv4",
			"Comment": "null-81",
			"Rev": "bc411e2ac33f17d301647c10ebc2c28a1fc5e8c8"
		},
		{
			"ImportPath": "code.google.com/p/go.net/ipv6",
			"Comment": "null-81",
			"Rev": "bc411e2ac33f17d301647c10ebc2c28a1fc5e8c8"
		},
		{
			"ImportPath": "github.com/armon/circbuf",
			"Rev": "f092b4f207b6e5cce0569056fba9e1a2735cb6cf"
		},
		{
			"ImportPath": "github.com/armon/go-metrics",
			"Rev": "02567bbc4f518a43853d262b651a3c8257c3f141"
		},
		{
			"ImportPath": "github.com/armon/mdns",
			"Rev": "70462deb060d44247356ee238ebafd7699ddcffe"
		},
		{
			"ImportPath": "github.com/hashicorp/go-syslog",
			"Rev": "ac3963b72ac367e48b1e68a831e62b93fb69091c"
		},
		{
			"ImportPath": "github.com/hashicorp/logutils",
			"Rev": "8e0820fe7ac5eb2b01626b1d99df47c5449eb2d8"
		},
		{
			"ImportPath": "github.com/hashicorp/memberlist",
			"Rev": "17d39b695094be943bfb98442a80b082e6b9ac47"
		},
		{
			"ImportPath": "github.com/miekg/dns",
			"Rev": "05cfaca9f0712f44206ecbfa65a6769434164e7a"
		},
		{
			"ImportPath": "github.com/mitchellh/cli",
			"Rev": "975a7477b1507ea6bb888c48108e05d26fb30434"
		},
		{
			"ImportPath": "github.com/mitchellh/mapstructure",
			"Rev": "6fb2c832bcac61d01212ab1d172f7a14a8585b07"
		},
		{
			"ImportPath": "github.com/ryanuber/columnize",
			"Comment": "v2.0.1",
			"Rev": "785d943a7b6886e0bb2f139a60487b823dd8d9de"
		},
		{
			"ImportPath": "github.com/ugorji/go/codec",
			"Rev": "71c2886f5a673a35f909803f38ece5810165097b"
		}
	]
}
