{
	"ImportPath": "github.com/hashicorp/serf",
	"GoVersion": "go1.4.1",
	"Deps": [
		{
			"ImportPath": "code.google.com/p/go.net/internal/iana",
			"Comment": "null-240",
			"Rev": "937a34c9de13c766c814510f76bca091dee06028"
		},
		{
			"ImportPath": "github.com/armon/circbuf",
			"Rev": "f092b4f207b6e5cce0569056fba9e1a2735cb6cf"
		},
		{
			"ImportPath": "github.com/armon/go-metrics",
			"Rev": "eb0af217e5e9747e41dd5303755356b62d28e3ec"
		},
		{
			"ImportPath": "github.com/hashicorp/go-msgpack/codec",
			"Rev": "71c2886f5a673a35f909803f38ece5810165097b"
		},
		{
			"ImportPath": "github.com/hashicorp/go-syslog",
			"Rev": "ac3963b72ac367e48b1e68a831e62b93fb69091c"
		},
		{
			"ImportPath": "github.com/hashicorp/go.net/ipv4",
			"Rev": "cbad13bf000d0cbdbc71506b26e94bcc72bbe74d"
		},
		{
			"ImportPath": "github.com/hashicorp/go.net/ipv6",
			"Rev": "cbad13bf000d0cbdbc71506b26e94bcc72bbe74d"
		},
		{
			"ImportPath": "github.com/hashicorp/logutils",
			"Rev": "23b0af5510a2d1442103ef83ffcf53eb82f3debc"
		},
		{
			"ImportPath": "github.com/hashicorp/mdns",
			"Rev": "eb98accb64ea232136b5344464ed1d66d40f6196"
		},
		{
			"ImportPath": "github.com/hashicorp/memberlist",
			"Rev": "9a1e242e454d2443df330bdd51a436d5a9058fc4"
		},
		{
			"ImportPath": "github.com/miekg/dns",
			"Rev": "b65f52f3f0dd1afa25cbbf63f8e7eb15fb5c0641"
		},
		{
			"ImportPath": "github.com/mitchellh/cli",
			"Rev": "e3c2e3d39391e9beb9660ccd6b4bd9a2f38dd8a0"
		},
		{
			"ImportPath": "github.com/mitchellh/mapstructure",
			"Rev": "442e588f213303bec7936deba67901f8fc8f18b1"
		},
		{
			"ImportPath": "github.com/ryanuber/columnize",
			"Comment": "v2.0.1-6-g44cb478",
			"Rev": "44cb4788b2ec3c3d158dd3d1b50aba7d66f4b59a"
		}
	]
}
