{
	"ImportPath": "github.com/hashicorp/serf",
	"GoVersion": "go1.3",
	"Deps": [
		{
			"ImportPath": "code.google.com/p/go.net/ipv4",
			"Comment": "null-81",
			"Rev": "bc411e2ac33f17d301647c10ebc2c28a1fc5e8c8"
		},
		{
			"ImportPath": "code.google.com/p/go.net/ipv6",
			"Comment": "null-81",
			"Rev": "bc411e2ac33f17d301647c10ebc2c28a1fc5e8c8"
		},
		{
			"ImportPath": "github.com/armon/circbuf",
			"Rev": "f092b4f207b6e5cce0569056fba9e1a2735cb6cf"
		},
		{
			"ImportPath": "github.com/armon/go-metrics",
			"Rev": "02567bbc4f518a43853d262b651a3c8257c3f141"
		},
		{
			"ImportPath": "github.com/armon/mdns",
			"Rev": "decec489d7885d111d55ea4d41581d0dfbd7f046"
		},
		{
			"ImportPath": "github.com/hashicorp/go-syslog",
			"Rev": "ac3963b72ac367e48b1e68a831e62b93fb69091c"
		},
		{
			"ImportPath": "github.com/hashicorp/logutils",
			"Rev": "8e0820fe7ac5eb2b01626b1d99df47c5449eb2d8"
		},
		{
			"ImportPath": "github.com/hashicorp/memberlist",
			"Rev": "e6a282556f0e8f15e9a53dcb0d14912a3c2fb141"
		},
		{
			"ImportPath": "github.com/miekg/dns",
			"Rev": "05cfaca9f0712f44206ecbfa65a6769434164e7a"
		},
		{
			"ImportPath": "github.com/mitchellh/cli",
			"Rev": "2aa2fb21524415a6476dae06d49223342366ff2f"
		},
		{
			"ImportPath": "github.com/mitchellh/mapstructure",
			"Rev": "6fb2c832bcac61d01212ab1d172f7a14a8585b07"
		},
		{
			"ImportPath": "github.com/ryanuber/columnize",
			"Comment": "v2.0.1",
			"Rev": "785d943a7b6886e0bb2f139a60487b823dd8d9de"
		},
		{
			"ImportPath": "github.com/ugorji/go/codec",
			"Rev": "71c2886f5a673a35f909803f38ece5810165097b"
		}
	]
}
