{
	"ImportPath": "github.com/hashicorp/serf",
	"GoVersion": "go1.5.2",
	"Deps": [
		{
			"ImportPath": "github.com/armon/circbuf",
			"Rev": "bbbad097214e2918d8543d5201d12bfd7bca254d"
		},
		{
			"ImportPath": "github.com/armon/go-metrics",
			"Rev": "06b60999766278efd6d2b5d8418a58c3d5b99e87"
		},
		{
			"ImportPath": "github.com/hashicorp/go-msgpack/codec",
			"Rev": "fa3f63826f7c23912c15263591e65d54d080b458"
		},
		{
			"ImportPath": "github.com/hashicorp/go-syslog",
			"Rev": "42a2b573b664dbf281bd48c3cc12c086b17a39ba"
		},
		{
			"ImportPath": "github.com/hashicorp/go.net/internal/iana",
			"Rev": "104dcad90073cd8d1e6828b2af19185b60cf3e29"
		},
		{
			"ImportPath": "github.com/hashicorp/go.net/ipv4",
			"Rev": "104dcad90073cd8d1e6828b2af19185b60cf3e29"
		},
		{
			"ImportPath": "github.com/hashicorp/go.net/ipv6",
			"Rev": "104dcad90073cd8d1e6828b2af19185b60cf3e29"
		},
		{
			"ImportPath": "github.com/hashicorp/logutils",
			"Rev": "0dc08b1671f34c4250ce212759ebd880f743d883"
		},
		{
			"ImportPath": "github.com/hashicorp/mdns",
			"Rev": "9d85cf22f9f8d53cb5c81c1b2749f438b2ee333f"
		},
		{
			"ImportPath": "github.com/hashicorp/memberlist",
			"Rev": "9888dc523910e5d22c5be4f6e34520943df21809"
		},
		{
			"ImportPath": "github.com/miekg/dns",
			"Rev": "75e6e86cc601825c5dbcd4e0c209eab180997cd7"
		},
		{
			"ImportPath": "github.com/mitchellh/cli",
			"Rev": "8102d0ed5ea2709ade1243798785888175f6e415"
		},
		{
			"ImportPath": "github.com/mitchellh/mapstructure",
			"Rev": "281073eb9eb092240d33ef253c404f1cca550309"
		},
		{
			"ImportPath": "github.com/ryanuber/columnize",
			"Comment": "v2.0.1-8-g983d3a5",
			"Rev": "983d3a5fab1bf04d1b412465d2d9f8430e2e917e"
		},
		{
			"ImportPath": "golang.org/x/crypto/ssh/terminal",
			"Rev": "f18420efc3b4f8e9f3d51f6bd2476e92c46260e9"
		}
	]
}
