{
    "id": "26809869-8df3-49ad-b2f0-b1e1c72f67b0",
    "measurement": "consul_consul_http_GET_v1_health_state__",
    "app": "consul_telemetry",
    "autoflow": true,
    "cells": [
        {
            "x": 0,
            "y": 0,
            "w": 4,
            "h": 4,
            "i": "dfb4c50f-547e-484a-944b-d6374ba2b4c0",
            "name": "Consul – HTTP Request Time (ms)",
            "queries": [
                {
                    "query": "SELECT max(\"upper\") AS \"GET_health_state\" FROM \":db:\".\":rp:\".\"consul_consul_http_GET_v1_health_state__\"",
                    "label": "ms",
                    "groupbys": [],
                    "wheres": []
                }
            ]
        }
    ]
}