{
	"id": "350b780c-7d32-4b29-ac49-0d4e2c092943",
	"measurement": "consul_memberlist_msg_alive",
	"app": "consul_telemetry",
	"autoflow": true,
	"cells": [
		{
			"x": 0,
			"y": 0,
			"w": 4,
			"h": 4,
			"i": "bd62186a-f475-478b-bf02-8c4ab07eccd1",
			"name": "Consul – Number of Agents",
			"queries": [
				{
					"query": "SELECT min(\"value\") AS \"num_agents\" FROM \":db:\".\":rp:\".\"consul_memberlist_msg_alive\"",
					"label": "count",
					"groupbys": [],
					"wheres": []
				}
			]
		}
	]
}