{
    "id": "ef4b596c-77de-41c5-bb5b-d5c9a69fa633",
    "measurement": "consul_serf_events",
    "app": "consul_telemetry",
    "autoflow": true,
    "cells": [
        {
            "x": 0,
            "y": 0,
            "w": 4,
            "h": 4,
            "i": "59df3d73-5fac-48cb-84f1-dbe9a1bb886c",
            "name": "Consul – Number of serf events",
            "queries": [
                {
                    "query": "SELECT max(\"value\") AS \"serf_events\" FROM \":db:\".\":rp:\".\"consul_serf_events\"",
                    "label": "count",
                    "groupbys": [],
                    "wheres": []
                }
            ]
        }
    ]
}