{
  "id": "0fa47984-825b-46f1-9ca5-0366e3281cc5",
  "measurement": "cpu",
  "app": "system",
  "autoflow": true,
  "cells": [
    {
      "x": 0,
      "y": 0,
      "w": 4,
      "h": 4,
      "i": "cc9ba2b6-e398-4396-80dc-819bb7ac7ce1",
      "name": "CPU Usage",
      "queries": [
        {
          "query": "SELECT 100 - mean(\"usage_idle\") AS \"usage\" FROM \":db:\".\":rp:\".\"cpu\"",
          "label": "% CPU time",
          "groupbys": [],
          "wheres": []
        }
      ]
    }
  ]
}
