{
  "id": "0b75be4e-3454-4d5d-9a98-ca77c81397f6",
  "measurement": "disk",
  "app": "system",
  "autoflow": true,
  "cells": [
    {
      "x": 4,
      "y": 0,
      "w": 4,
      "h": 4,
      "i": "5825a4dd-df97-4e99-a99d-67b68833c183",
      "name": "System - Disk used %",
      "queries": [
        {
          "query": "SELECT mean(\"used_percent\") AS \"used_percent\" FROM \":db:\".\":rp:\".\"disk\"",
          "label": "% used",
          "groupbys": [
            "\"path\""
          ],
          "wheres": []
        }
      ]
    }
  ]
}
