{
  "id": "c7644755-505d-46f0-b278-5c29268293b2",
  "measurement": "win_websvc",
  "app": "iis",
  "autoflow": true,
  "cells": [
    {
      "x": 0,
      "y": 0,
      "w": 4,
      "h": 4,
      "i": "3539e3c3-ac15-49d3-9de8-64cd514588ca",
      "name": "IIS - Service",
      "queries": [
        {
          "query": "SELECT mean(\"Get_Requests_persec\") AS \"gets\" FROM \":db:\".\":rp:\".\"win_websvc\"",
          "groupbys": [],
          "wheres": []
        },
        {
          "query": "SELECT mean(\"Post_Requests_persec\") AS \"posts\" FROM \":db:\".\":rp:\".\"win_websvc\"",
          "groupbys": [],
          "wheres": []
        },
        {
          "query": "SELECT mean(\"Current_Connections\") AS \"connections\" FROM \":db:\".\":rp:\".\"win_websvc\"",
          "groupbys": [],
          "wheres": []
        }
      ]
    }
  ]
}
