{
  "id": "4a1efaec-57cf-4aeb-8dea-8a015f8ec3c5",
  "measurement": "kubernetes_node",
  "app": "kubernetes",
  "autoflow": true,
  "cells": [
    {
      "x": 0,
      "y": 0,
      "w": 4,
      "h": 4,
      "i": "5f406919-14b8-4c01-b0ce-f8ed75310805",
      "name": "K8s - Node Millicores",
      "queries": [
        {
          "query": "SELECT mean(\"cpu_usage_nanocores\") / 1000000  AS \"cpu_usage_millicores\" FROM \":db:\".\":rp:\".\"kubernetes_node\"",
          "groupbys": [
            "\"node_name\""
          ],
          "wheres": []
        }
      ]
    },
    {
      "x": 4,
      "y": 0,
      "w": 4,
      "h": 4,
      "i": "042d47cc-fcfd-4b26-a690-d81c0321d408",
      "name": "K8s - Node Memory Bytes",
      "queries": [
        {
          "query": "SELECT mean(\"memory_usage_bytes\") AS \"memory_usage_bytes\" FROM \":db:\".\":rp:\".\"kubernetes_node\"",
          "groupbys": [
            "\"node_name\""
          ],
          "wheres": []
        }
      ]
    }
  ]
}
