{
  "id": "cef6c954-f066-4348-9425-4132429fe817",
  "measurement": "win_mem",
  "app": "win_system",
  "autoflow": true,
  "cells": [
    {
      "x": 0,
      "y": 0,
      "w": 4,
      "h": 4,
      "i": "1c275ca5-84a7-4146-9cf0-8ed654abb627",
      "name": "System - Available Bytes",
      "queries": [
        {
          "query": "SELECT mean(\"Available_Bytes\") AS \"available_bytes\" FROM \":db:\".\":rp:\".\"win_mem\"",
          "groupbys": [],
          "wheres": []
        }
      ]
    }
  ]
}
