{
  "id": "96bd0303-19b6-4f87-a0f9-2755c6178ba7",
  "measurement": "win_system",
  "app": "win_system",
  "autoflow": true,
  "cells": [
    {
      "x": 0,
      "y": 0,
      "w": 4,
      "h": 4,
      "i": "d959c815-16a8-4a2b-a6ea-e37af38d4e2f",
      "name": "System - Load",
      "queries": [
        {
          "query": "SELECT mean(\"Processor_Queue_Length\") AS \"load\" FROM \":db:\".\":rp:\".\"win_system\"",
          "groupbys": [],
          "wheres": []
        }
      ]
    }
  ]
}
