{
	"ImportPath": "k8s.io/api",
	"GoVersion": "go1.11",
	"GodepVersion": "v80",
	"Packages": [
		"./..."
	],
	"Deps": [
		{
			"ImportPath": "github.com/davecgh/go-spew/spew",
			"Rev": "782f4967f2dc4564575ca782fe2d04090b5faca8"
		},
		{
			"ImportPath": "github.com/gogo/protobuf/proto",
			"Rev": "342cbe0a04158f6dcb03ca0079991a51a4248c02"
		},
		{
			"ImportPath": "github.com/gogo/protobuf/sortkeys",
			"Rev": "342cbe0a04158f6dcb03ca0079991a51a4248c02"
		},
		{
			"ImportPath": "github.com/golang/protobuf/proto",
			"Rev": "b4deda0973fb4c70b50d226b1af49f3da59f5265"
		},
		{
			"ImportPath": "github.com/google/gofuzz",
			"Rev": "24818f796faf91cd76ec7bddd72458fbced7a6c1"
		},
		{
			"ImportPath": "github.com/json-iterator/go",
			"Rev": "ab8a2e0c74be9d3be70b3184d9acc634935ded82"
		},
		{
			"ImportPath": "github.com/modern-go/concurrent",
			"Rev": "bacd9c7ef1dd9b15be4a9909b8ac7a4e313eec94"
		},
		{
			"ImportPath": "github.com/modern-go/reflect2",
			"Rev": "94122c33edd36123c84d5368cfb2b69df93a0ec8"
		},
		{
			"ImportPath": "github.com/pmezard/go-difflib/difflib",
			"Rev": "5d4384ee4fb2527b0a1256a821ebfc92f91efefc"
		},
		{
			"ImportPath": "github.com/spf13/pflag",
			"Rev": "583c0c0531f06d5278b7d917446061adc344b5cd"
		},
		{
			"ImportPath": "github.com/stretchr/testify/assert",
			"Rev": "c679ae2cc0cb27ec3293fea7e254e47386f05d69"
		},
		{
			"ImportPath": "github.com/stretchr/testify/require",
			"Rev": "c679ae2cc0cb27ec3293fea7e254e47386f05d69"
		},
		{
			"ImportPath": "golang.org/x/net/http2",
			"Rev": "0ed95abb35c445290478a5348a7b38bb154135fd"
		},
		{
			"ImportPath": "golang.org/x/net/http2/hpack",
			"Rev": "0ed95abb35c445290478a5348a7b38bb154135fd"
		},
		{
			"ImportPath": "golang.org/x/net/idna",
			"Rev": "0ed95abb35c445290478a5348a7b38bb154135fd"
		},
		{
			"ImportPath": "golang.org/x/net/lex/httplex",
			"Rev": "0ed95abb35c445290478a5348a7b38bb154135fd"
		},
		{
			"ImportPath": "golang.org/x/text/secure/bidirule",
			"Rev": "b19bf474d317b857955b12035d2c5acb57ce8b01"
		},
		{
			"ImportPath": "golang.org/x/text/transform",
			"Rev": "b19bf474d317b857955b12035d2c5acb57ce8b01"
		},
		{
			"ImportPath": "golang.org/x/text/unicode/bidi",
			"Rev": "b19bf474d317b857955b12035d2c5acb57ce8b01"
		},
		{
			"ImportPath": "golang.org/x/text/unicode/norm",
			"Rev": "b19bf474d317b857955b12035d2c5acb57ce8b01"
		},
		{
			"ImportPath": "gopkg.in/inf.v0",
			"Rev": "3887ee99ecf07df5b447e9b00d9c0b2adaa9f3e4"
		},
		{
			"ImportPath": "gopkg.in/yaml.v2",
			"Rev": "5420a8b6744d3b0345ab293f6fcba19c978f1183"
		},
		{
			"ImportPath": "k8s.io/apimachinery/pkg/api/apitesting",
			"Rev": "bb74a2916ecf26bf9ac05cfaf449cf07c8763ea3"
		},
		{
			"ImportPath": "k8s.io/apimachinery/pkg/api/apitesting/fuzzer",
			"Rev": "bb74a2916ecf26bf9ac05cfaf449cf07c8763ea3"
		},
		{
			"ImportPath": "k8s.io/apimachinery/pkg/api/apitesting/roundtrip",
			"Rev": "bb74a2916ecf26bf9ac05cfaf449cf07c8763ea3"
		},
		{
			"ImportPath": "k8s.io/apimachinery/pkg/api/equality",
			"Rev": "bb74a2916ecf26bf9ac05cfaf449cf07c8763ea3"
		},
		{
			"ImportPath": "k8s.io/apimachinery/pkg/api/meta",
			"Rev": "bb74a2916ecf26bf9ac05cfaf449cf07c8763ea3"
		},
		{
			"ImportPath": "k8s.io/apimachinery/pkg/api/resource",
			"Rev": "bb74a2916ecf26bf9ac05cfaf449cf07c8763ea3"
		},
		{
			"ImportPath": "k8s.io/apimachinery/pkg/apis/meta/fuzzer",
			"Rev": "bb74a2916ecf26bf9ac05cfaf449cf07c8763ea3"
		},
		{
			"ImportPath": "k8s.io/apimachinery/pkg/apis/meta/v1",
			"Rev": "bb74a2916ecf26bf9ac05cfaf449cf07c8763ea3"
		},
		{
			"ImportPath": "k8s.io/apimachinery/pkg/apis/meta/v1/unstructured",
			"Rev": "bb74a2916ecf26bf9ac05cfaf449cf07c8763ea3"
		},
		{
			"ImportPath": "k8s.io/apimachinery/pkg/apis/meta/v1beta1",
			"Rev": "bb74a2916ecf26bf9ac05cfaf449cf07c8763ea3"
		},
		{
			"ImportPath": "k8s.io/apimachinery/pkg/conversion",
			"Rev": "bb74a2916ecf26bf9ac05cfaf449cf07c8763ea3"
		},
		{
			"ImportPath": "k8s.io/apimachinery/pkg/conversion/queryparams",
			"Rev": "bb74a2916ecf26bf9ac05cfaf449cf07c8763ea3"
		},
		{
			"ImportPath": "k8s.io/apimachinery/pkg/fields",
			"Rev": "bb74a2916ecf26bf9ac05cfaf449cf07c8763ea3"
		},
		{
			"ImportPath": "k8s.io/apimachinery/pkg/labels",
			"Rev": "bb74a2916ecf26bf9ac05cfaf449cf07c8763ea3"
		},
		{
			"ImportPath": "k8s.io/apimachinery/pkg/runtime",
			"Rev": "bb74a2916ecf26bf9ac05cfaf449cf07c8763ea3"
		},
		{
			"ImportPath": "k8s.io/apimachinery/pkg/runtime/schema",
			"Rev": "bb74a2916ecf26bf9ac05cfaf449cf07c8763ea3"
		},
		{
			"ImportPath": "k8s.io/apimachinery/pkg/runtime/serializer",
			"Rev": "bb74a2916ecf26bf9ac05cfaf449cf07c8763ea3"
		},
		{
			"ImportPath": "k8s.io/apimachinery/pkg/runtime/serializer/json",
			"Rev": "bb74a2916ecf26bf9ac05cfaf449cf07c8763ea3"
		},
		{
			"ImportPath": "k8s.io/apimachinery/pkg/runtime/serializer/protobuf",
			"Rev": "bb74a2916ecf26bf9ac05cfaf449cf07c8763ea3"
		},
		{
			"ImportPath": "k8s.io/apimachinery/pkg/runtime/serializer/recognizer",
			"Rev": "bb74a2916ecf26bf9ac05cfaf449cf07c8763ea3"
		},
		{
			"ImportPath": "k8s.io/apimachinery/pkg/runtime/serializer/versioning",
			"Rev": "bb74a2916ecf26bf9ac05cfaf449cf07c8763ea3"
		},
		{
			"ImportPath": "k8s.io/apimachinery/pkg/selection",
			"Rev": "bb74a2916ecf26bf9ac05cfaf449cf07c8763ea3"
		},
		{
			"ImportPath": "k8s.io/apimachinery/pkg/types",
			"Rev": "bb74a2916ecf26bf9ac05cfaf449cf07c8763ea3"
		},
		{
			"ImportPath": "k8s.io/apimachinery/pkg/util/diff",
			"Rev": "bb74a2916ecf26bf9ac05cfaf449cf07c8763ea3"
		},
		{
			"ImportPath": "k8s.io/apimachinery/pkg/util/errors",
			"Rev": "bb74a2916ecf26bf9ac05cfaf449cf07c8763ea3"
		},
		{
			"ImportPath": "k8s.io/apimachinery/pkg/util/framer",
			"Rev": "bb74a2916ecf26bf9ac05cfaf449cf07c8763ea3"
		},
		{
			"ImportPath": "k8s.io/apimachinery/pkg/util/intstr",
			"Rev": "bb74a2916ecf26bf9ac05cfaf449cf07c8763ea3"
		},
		{
			"ImportPath": "k8s.io/apimachinery/pkg/util/json",
			"Rev": "bb74a2916ecf26bf9ac05cfaf449cf07c8763ea3"
		},
		{
			"ImportPath": "k8s.io/apimachinery/pkg/util/naming",
			"Rev": "bb74a2916ecf26bf9ac05cfaf449cf07c8763ea3"
		},
		{
			"ImportPath": "k8s.io/apimachinery/pkg/util/net",
			"Rev": "bb74a2916ecf26bf9ac05cfaf449cf07c8763ea3"
		},
		{
			"ImportPath": "k8s.io/apimachinery/pkg/util/runtime",
			"Rev": "bb74a2916ecf26bf9ac05cfaf449cf07c8763ea3"
		},
		{
			"ImportPath": "k8s.io/apimachinery/pkg/util/sets",
			"Rev": "bb74a2916ecf26bf9ac05cfaf449cf07c8763ea3"
		},
		{
			"ImportPath": "k8s.io/apimachinery/pkg/util/validation",
			"Rev": "bb74a2916ecf26bf9ac05cfaf449cf07c8763ea3"
		},
		{
			"ImportPath": "k8s.io/apimachinery/pkg/util/validation/field",
			"Rev": "bb74a2916ecf26bf9ac05cfaf449cf07c8763ea3"
		},
		{
			"ImportPath": "k8s.io/apimachinery/pkg/util/yaml",
			"Rev": "bb74a2916ecf26bf9ac05cfaf449cf07c8763ea3"
		},
		{
			"ImportPath": "k8s.io/apimachinery/pkg/watch",
			"Rev": "bb74a2916ecf26bf9ac05cfaf449cf07c8763ea3"
		},
		{
			"ImportPath": "k8s.io/apimachinery/third_party/forked/golang/reflect",
			"Rev": "bb74a2916ecf26bf9ac05cfaf449cf07c8763ea3"
		},
		{
			"ImportPath": "k8s.io/klog",
			"Rev": "8e90cee79f823779174776412c13478955131846"
		},
		{
			"ImportPath": "sigs.k8s.io/yaml",
			"Rev": "fd68e9863619f6ec2fdd8625fe1f02e7c877e480"
		}
	]
}
