{
  "swagger": "2.0",
  "info": {
    "title": "examples/proto/examplepb/response_body_service.proto",
    "version": "version not set"
  },
  "schemes": [
    "http",
    "https"
  ],
  "consumes": [
    "application/json"
  ],
  "produces": [
    "application/json"
  ],
  "paths": {
    "/responsebody/{data}": {
      "get": {
        "operationId": "GetResponseBody",
        "responses": {
          "200": {
            "description": "",
            "schema": {
              "$ref": "#/definitions/examplepbResponseBodyOutResponse"
            }
          }
        },
        "parameters": [
          {
            "name": "data",
            "in": "path",
            "required": true,
            "type": "string"
          }
        ],
        "tags": [
          "ResponseBodyService"
        ]
      }
    }
  },
  "definitions": {
    "examplepbResponseBodyOut": {
      "type": "object",
      "properties": {
        "response": {
          "$ref": "#/definitions/examplepbResponseBodyOutResponse"
        }
      }
    },
    "examplepbResponseBodyOutResponse": {
      "type": "object",
      "properties": {
        "data": {
          "type": "string"
        }
      }
    }
  }
}
