{
  "version":"2.0",
  "metadata":{
    "apiVersion":"2017-08-08",
    "endpointPrefix":"connect",
    "jsonVersion":"1.1",
    "protocol":"rest-json",
    "serviceAbbreviation":"Amazon Connect",
    "serviceFullName":"Amazon Connect Service",
    "serviceId":"Connect",
    "signatureVersion":"v4",
    "signingName":"connect",
    "uid":"connect-2017-08-08"
  },
  "operations":{
    "CreateUser":{
      "name":"CreateUser",
      "http":{
        "method":"PUT",
        "requestUri":"/users/{InstanceId}"
      },
      "input":{"shape":"CreateUserRequest"},
      "output":{"shape":"CreateUserResponse"},
      "errors":[
        {"shape":"InvalidRequestException"},
        {"shape":"InvalidParameterException"},
        {"shape":"LimitExceededException"},
        {"shape":"DuplicateResourceException"},
        {"shape":"ResourceNotFoundException"},
        {"shape":"ThrottlingException"},
        {"shape":"InternalServiceException"}
      ]
    },
    "DeleteUser":{
      "name":"DeleteUser",
      "http":{
        "method":"DELETE",
        "requestUri":"/users/{InstanceId}/{UserId}"
      },
      "input":{"shape":"DeleteUserRequest"},
      "errors":[
        {"shape":"InvalidRequestException"},
        {"shape":"InvalidParameterException"},
        {"shape":"ResourceNotFoundException"},
        {"shape":"ThrottlingException"},
        {"shape":"InternalServiceException"}
      ]
    },
    "DescribeUser":{
      "name":"DescribeUser",
      "http":{
        "method":"GET",
        "requestUri":"/users/{InstanceId}/{UserId}"
      },
      "input":{"shape":"DescribeUserRequest"},
      "output":{"shape":"DescribeUserResponse"},
      "errors":[
        {"shape":"InvalidRequestException"},
        {"shape":"InvalidParameterException"},
        {"shape":"ResourceNotFoundException"},
        {"shape":"ThrottlingException"},
        {"shape":"InternalServiceException"}
      ]
    },
    "DescribeUserHierarchyGroup":{
      "name":"DescribeUserHierarchyGroup",
      "http":{
        "method":"GET",
        "requestUri":"/user-hierarchy-groups/{InstanceId}/{HierarchyGroupId}"
      },
      "input":{"shape":"DescribeUserHierarchyGroupRequest"},
      "output":{"shape":"DescribeUserHierarchyGroupResponse"},
      "errors":[
        {"shape":"InvalidRequestException"},
        {"shape":"InvalidParameterException"},
        {"shape":"ResourceNotFoundException"},
        {"shape":"ThrottlingException"},
        {"shape":"InternalServiceException"}
      ]
    },
    "DescribeUserHierarchyStructure":{
      "name":"DescribeUserHierarchyStructure",
      "http":{
        "method":"GET",
        "requestUri":"/user-hierarchy-structure/{InstanceId}"
      },
      "input":{"shape":"DescribeUserHierarchyStructureRequest"},
      "output":{"shape":"DescribeUserHierarchyStructureResponse"},
      "errors":[
        {"shape":"InvalidRequestException"},
        {"shape":"InvalidParameterException"},
        {"shape":"ResourceNotFoundException"},
        {"shape":"ThrottlingException"},
        {"shape":"InternalServiceException"}
      ]
    },
    "GetFederationToken":{
      "name":"GetFederationToken",
      "http":{
        "method":"GET",
        "requestUri":"/user/federate/{InstanceId}"
      },
      "input":{"shape":"GetFederationTokenRequest"},
      "output":{"shape":"GetFederationTokenResponse"},
      "errors":[
        {"shape":"InvalidRequestException"},
        {"shape":"InvalidParameterException"},
        {"shape":"ResourceNotFoundException"},
        {"shape":"UserNotFoundException"},
        {"shape":"InternalServiceException"},
        {"shape":"DuplicateResourceException"}
      ]
    },
    "ListRoutingProfiles":{
      "name":"ListRoutingProfiles",
      "http":{
        "method":"GET",
        "requestUri":"/routing-profiles-summary/{InstanceId}"
      },
      "input":{"shape":"ListRoutingProfilesRequest"},
      "output":{"shape":"ListRoutingProfilesResponse"},
      "errors":[
        {"shape":"InvalidRequestException"},
        {"shape":"InvalidParameterException"},
        {"shape":"ResourceNotFoundException"},
        {"shape":"ThrottlingException"},
        {"shape":"InternalServiceException"}
      ]
    },
    "ListSecurityProfiles":{
      "name":"ListSecurityProfiles",
      "http":{
        "method":"GET",
        "requestUri":"/security-profiles-summary/{InstanceId}"
      },
      "input":{"shape":"ListSecurityProfilesRequest"},
      "output":{"shape":"ListSecurityProfilesResponse"},
      "errors":[
        {"shape":"InvalidRequestException"},
        {"shape":"InvalidParameterException"},
        {"shape":"ResourceNotFoundException"},
        {"shape":"ThrottlingException"},
        {"shape":"InternalServiceException"}
      ]
    },
    "ListUserHierarchyGroups":{
      "name":"ListUserHierarchyGroups",
      "http":{
        "method":"GET",
        "requestUri":"/user-hierarchy-groups-summary/{InstanceId}"
      },
      "input":{"shape":"ListUserHierarchyGroupsRequest"},
      "output":{"shape":"ListUserHierarchyGroupsResponse"},
      "errors":[
        {"shape":"InvalidRequestException"},
        {"shape":"InvalidParameterException"},
        {"shape":"ResourceNotFoundException"},
        {"shape":"ThrottlingException"},
        {"shape":"InternalServiceException"}
      ]
    },
    "ListUsers":{
      "name":"ListUsers",
      "http":{
        "method":"GET",
        "requestUri":"/users-summary/{InstanceId}"
      },
      "input":{"shape":"ListUsersRequest"},
      "output":{"shape":"ListUsersResponse"},
      "errors":[
        {"shape":"InvalidRequestException"},
        {"shape":"InvalidParameterException"},
        {"shape":"ResourceNotFoundException"},
        {"shape":"ThrottlingException"},
        {"shape":"InternalServiceException"}
      ]
    },
    "StartOutboundVoiceContact":{
      "name":"StartOutboundVoiceContact",
      "http":{
        "method":"PUT",
        "requestUri":"/contact/outbound-voice"
      },
      "input":{"shape":"StartOutboundVoiceContactRequest"},
      "output":{"shape":"StartOutboundVoiceContactResponse"},
      "errors":[
        {"shape":"InvalidRequestException"},
        {"shape":"InvalidParameterException"},
        {"shape":"ResourceNotFoundException"},
        {"shape":"InternalServiceException"},
        {"shape":"LimitExceededException"},
        {"shape":"DestinationNotAllowedException"},
        {"shape":"OutboundContactNotPermittedException"}
      ]
    },
    "StopContact":{
      "name":"StopContact",
      "http":{
        "method":"POST",
        "requestUri":"/contact/stop"
      },
      "input":{"shape":"StopContactRequest"},
      "output":{"shape":"StopContactResponse"},
      "errors":[
        {"shape":"InvalidRequestException"},
        {"shape":"ContactNotFoundException"},
        {"shape":"InvalidParameterException"},
        {"shape":"ResourceNotFoundException"},
        {"shape":"InternalServiceException"}
      ]
    },
    "UpdateUserHierarchy":{
      "name":"UpdateUserHierarchy",
      "http":{
        "method":"POST",
        "requestUri":"/users/{InstanceId}/{UserId}/hierarchy"
      },
      "input":{"shape":"UpdateUserHierarchyRequest"},
      "errors":[
        {"shape":"InvalidRequestException"},
        {"shape":"InvalidParameterException"},
        {"shape":"ResourceNotFoundException"},
        {"shape":"ThrottlingException"},
        {"shape":"InternalServiceException"}
      ]
    },
    "UpdateUserIdentityInfo":{
      "name":"UpdateUserIdentityInfo",
      "http":{
        "method":"POST",
        "requestUri":"/users/{InstanceId}/{UserId}/identity-info"
      },
      "input":{"shape":"UpdateUserIdentityInfoRequest"},
      "errors":[
        {"shape":"InvalidRequestException"},
        {"shape":"InvalidParameterException"},
        {"shape":"ResourceNotFoundException"},
        {"shape":"ThrottlingException"},
        {"shape":"InternalServiceException"}
      ]
    },
    "UpdateUserPhoneConfig":{
      "name":"UpdateUserPhoneConfig",
      "http":{
        "method":"POST",
        "requestUri":"/users/{InstanceId}/{UserId}/phone-config"
      },
      "input":{"shape":"UpdateUserPhoneConfigRequest"},
      "errors":[
        {"shape":"InvalidRequestException"},
        {"shape":"InvalidParameterException"},
        {"shape":"ResourceNotFoundException"},
        {"shape":"ThrottlingException"},
        {"shape":"InternalServiceException"}
      ]
    },
    "UpdateUserRoutingProfile":{
      "name":"UpdateUserRoutingProfile",
      "http":{
        "method":"POST",
        "requestUri":"/users/{InstanceId}/{UserId}/routing-profile"
      },
      "input":{"shape":"UpdateUserRoutingProfileRequest"},
      "errors":[
        {"shape":"InvalidRequestException"},
        {"shape":"InvalidParameterException"},
        {"shape":"ResourceNotFoundException"},
        {"shape":"ThrottlingException"},
        {"shape":"InternalServiceException"}
      ]
    },
    "UpdateUserSecurityProfiles":{
      "name":"UpdateUserSecurityProfiles",
      "http":{
        "method":"POST",
        "requestUri":"/users/{InstanceId}/{UserId}/security-profiles"
      },
      "input":{"shape":"UpdateUserSecurityProfilesRequest"},
      "errors":[
        {"shape":"InvalidRequestException"},
        {"shape":"InvalidParameterException"},
        {"shape":"ResourceNotFoundException"},
        {"shape":"ThrottlingException"},
        {"shape":"InternalServiceException"}
      ]
    }
  },
  "shapes":{
    "ARN":{"type":"string"},
    "AfterContactWorkTimeLimit":{
      "type":"integer",
      "min":0
    },
    "AgentFirstName":{
      "type":"string",
      "max":100,
      "min":1
    },
    "AgentLastName":{
      "type":"string",
      "max":100,
      "min":1
    },
    "AgentUsername":{
      "type":"string",
      "max":20,
      "min":1,
      "pattern":"[a-zA-Z0-9\\_\\-\\.]+"
    },
    "AttributeName":{
      "type":"string",
      "max":32767,
      "min":1
    },
    "AttributeValue":{
      "type":"string",
      "max":32767,
      "min":0
    },
    "Attributes":{
      "type":"map",
      "key":{"shape":"AttributeName"},
      "value":{"shape":"AttributeValue"}
    },
    "AutoAccept":{"type":"boolean"},
    "ClientToken":{
      "type":"string",
      "max":500
    },
    "ContactFlowId":{
      "type":"string",
      "max":500
    },
    "ContactId":{
      "type":"string",
      "max":256,
      "min":1
    },
    "ContactNotFoundException":{
      "type":"structure",
      "members":{
        "Message":{"shape":"Message"}
      },
      "error":{"httpStatusCode":410},
      "exception":true
    },
    "CreateUserRequest":{
      "type":"structure",
      "required":[
        "Username",
        "PhoneConfig",
        "SecurityProfileIds",
        "RoutingProfileId",
        "InstanceId"
      ],
      "members":{
        "Username":{"shape":"AgentUsername"},
        "Password":{"shape":"Password"},
        "IdentityInfo":{"shape":"UserIdentityInfo"},
        "PhoneConfig":{"shape":"UserPhoneConfig"},
        "DirectoryUserId":{"shape":"DirectoryUserId"},
        "SecurityProfileIds":{"shape":"SecurityProfileIds"},
        "RoutingProfileId":{"shape":"RoutingProfileId"},
        "HierarchyGroupId":{"shape":"HierarchyGroupId"},
        "InstanceId":{
          "shape":"InstanceId",
          "location":"uri",
          "locationName":"InstanceId"
        }
      }
    },
    "CreateUserResponse":{
      "type":"structure",
      "members":{
        "UserId":{"shape":"UserId"},
        "UserArn":{"shape":"ARN"}
      }
    },
    "Credentials":{
      "type":"structure",
      "members":{
        "AccessToken":{"shape":"SecurityToken"},
        "AccessTokenExpiration":{"shape":"timestamp"},
        "RefreshToken":{"shape":"SecurityToken"},
        "RefreshTokenExpiration":{"shape":"timestamp"}
      }
    },
    "DeleteUserRequest":{
      "type":"structure",
      "required":[
        "InstanceId",
        "UserId"
      ],
      "members":{
        "InstanceId":{
          "shape":"InstanceId",
          "location":"uri",
          "locationName":"InstanceId"
        },
        "UserId":{
          "shape":"UserId",
          "location":"uri",
          "locationName":"UserId"
        }
      }
    },
    "DescribeUserHierarchyGroupRequest":{
      "type":"structure",
      "required":[
        "HierarchyGroupId",
        "InstanceId"
      ],
      "members":{
        "HierarchyGroupId":{
          "shape":"HierarchyGroupId",
          "location":"uri",
          "locationName":"HierarchyGroupId"
        },
        "InstanceId":{
          "shape":"InstanceId",
          "location":"uri",
          "locationName":"InstanceId"
        }
      }
    },
    "DescribeUserHierarchyGroupResponse":{
      "type":"structure",
      "members":{
        "HierarchyGroup":{"shape":"HierarchyGroup"}
      }
    },
    "DescribeUserHierarchyStructureRequest":{
      "type":"structure",
      "required":["InstanceId"],
      "members":{
        "InstanceId":{
          "shape":"InstanceId",
          "location":"uri",
          "locationName":"InstanceId"
        }
      }
    },
    "DescribeUserHierarchyStructureResponse":{
      "type":"structure",
      "members":{
        "HierarchyStructure":{"shape":"HierarchyStructure"}
      }
    },
    "DescribeUserRequest":{
      "type":"structure",
      "required":[
        "UserId",
        "InstanceId"
      ],
      "members":{
        "UserId":{
          "shape":"UserId",
          "location":"uri",
          "locationName":"UserId"
        },
        "InstanceId":{
          "shape":"InstanceId",
          "location":"uri",
          "locationName":"InstanceId"
        }
      }
    },
    "DescribeUserResponse":{
      "type":"structure",
      "members":{
        "User":{"shape":"User"}
      }
    },
    "DestinationNotAllowedException":{
      "type":"structure",
      "members":{
        "Message":{"shape":"Message"}
      },
      "error":{"httpStatusCode":403},
      "exception":true
    },
    "DirectoryUserId":{"type":"string"},
    "DuplicateResourceException":{
      "type":"structure",
      "members":{
        "Message":{"shape":"Message"}
      },
      "error":{"httpStatusCode":409},
      "exception":true
    },
    "Email":{"type":"string"},
    "GetFederationTokenRequest":{
      "type":"structure",
      "required":["InstanceId"],
      "members":{
        "InstanceId":{
          "shape":"InstanceId",
          "location":"uri",
          "locationName":"InstanceId"
        }
      }
    },
    "GetFederationTokenResponse":{
      "type":"structure",
      "members":{
        "Credentials":{"shape":"Credentials"}
      }
    },
    "HierarchyGroup":{
      "type":"structure",
      "members":{
        "Id":{"shape":"HierarchyGroupId"},
        "Arn":{"shape":"ARN"},
        "Name":{"shape":"HierarchyGroupName"},
        "LevelId":{"shape":"HierarchyLevelId"},
        "HierarchyPath":{"shape":"HierarchyPath"}
      }
    },
    "HierarchyGroupId":{"type":"string"},
    "HierarchyGroupName":{"type":"string"},
    "HierarchyGroupSummary":{
      "type":"structure",
      "members":{
        "Id":{"shape":"HierarchyGroupId"},
        "Arn":{"shape":"ARN"},
        "Name":{"shape":"HierarchyGroupName"}
      }
    },
    "HierarchyGroupSummaryList":{
      "type":"list",
      "member":{"shape":"HierarchyGroupSummary"}
    },
    "HierarchyLevel":{
      "type":"structure",
      "members":{
        "Id":{"shape":"HierarchyLevelId"},
        "Arn":{"shape":"ARN"},
        "Name":{"shape":"HierarchyLevelName"}
      }
    },
    "HierarchyLevelId":{"type":"string"},
    "HierarchyLevelName":{"type":"string"},
    "HierarchyPath":{
      "type":"structure",
      "members":{
        "LevelOne":{"shape":"HierarchyGroupSummary"},
        "LevelTwo":{"shape":"HierarchyGroupSummary"},
        "LevelThree":{"shape":"HierarchyGroupSummary"},
        "LevelFour":{"shape":"HierarchyGroupSummary"},
        "LevelFive":{"shape":"HierarchyGroupSummary"}
      }
    },
    "HierarchyStructure":{
      "type":"structure",
      "members":{
        "LevelOne":{"shape":"HierarchyLevel"},
        "LevelTwo":{"shape":"HierarchyLevel"},
        "LevelThree":{"shape":"HierarchyLevel"},
        "LevelFour":{"shape":"HierarchyLevel"},
        "LevelFive":{"shape":"HierarchyLevel"}
      }
    },
    "InstanceId":{
      "type":"string",
      "max":100,
      "min":1
    },
    "InternalServiceException":{
      "type":"structure",
      "members":{
        "Message":{"shape":"Message"}
      },
      "error":{"httpStatusCode":500},
      "exception":true
    },
    "InvalidParameterException":{
      "type":"structure",
      "members":{
        "Message":{"shape":"Message"}
      },
      "error":{"httpStatusCode":400},
      "exception":true
    },
    "InvalidRequestException":{
      "type":"structure",
      "members":{
        "Message":{"shape":"Message"}
      },
      "error":{"httpStatusCode":400},
      "exception":true
    },
    "LimitExceededException":{
      "type":"structure",
      "members":{
        "Message":{"shape":"Message"}
      },
      "error":{"httpStatusCode":429},
      "exception":true
    },
    "ListRoutingProfilesRequest":{
      "type":"structure",
      "required":["InstanceId"],
      "members":{
        "InstanceId":{
          "shape":"InstanceId",
          "location":"uri",
          "locationName":"InstanceId"
        },
        "NextToken":{
          "shape":"NextToken",
          "location":"querystring",
          "locationName":"nextToken"
        },
        "MaxResults":{
          "shape":"MaxResult1000",
          "box":true,
          "location":"querystring",
          "locationName":"maxResults"
        }
      }
    },
    "ListRoutingProfilesResponse":{
      "type":"structure",
      "members":{
        "RoutingProfileSummaryList":{"shape":"RoutingProfileSummaryList"},
        "NextToken":{"shape":"NextToken"}
      }
    },
    "ListSecurityProfilesRequest":{
      "type":"structure",
      "required":["InstanceId"],
      "members":{
        "InstanceId":{
          "shape":"InstanceId",
          "location":"uri",
          "locationName":"InstanceId"
        },
        "NextToken":{
          "shape":"NextToken",
          "location":"querystring",
          "locationName":"nextToken"
        },
        "MaxResults":{
          "shape":"MaxResult1000",
          "box":true,
          "location":"querystring",
          "locationName":"maxResults"
        }
      }
    },
    "ListSecurityProfilesResponse":{
      "type":"structure",
      "members":{
        "SecurityProfileSummaryList":{"shape":"SecurityProfileSummaryList"},
        "NextToken":{"shape":"NextToken"}
      }
    },
    "ListUserHierarchyGroupsRequest":{
      "type":"structure",
      "required":["InstanceId"],
      "members":{
        "InstanceId":{
          "shape":"InstanceId",
          "location":"uri",
          "locationName":"InstanceId"
        },
        "NextToken":{
          "shape":"NextToken",
          "location":"querystring",
          "locationName":"nextToken"
        },
        "MaxResults":{
          "shape":"MaxResult1000",
          "box":true,
          "location":"querystring",
          "locationName":"maxResults"
        }
      }
    },
    "ListUserHierarchyGroupsResponse":{
      "type":"structure",
      "members":{
        "UserHierarchyGroupSummaryList":{"shape":"HierarchyGroupSummaryList"},
        "NextToken":{"shape":"NextToken"}
      }
    },
    "ListUsersRequest":{
      "type":"structure",
      "required":["InstanceId"],
      "members":{
        "InstanceId":{
          "shape":"InstanceId",
          "location":"uri",
          "locationName":"InstanceId"
        },
        "NextToken":{
          "shape":"NextToken",
          "location":"querystring",
          "locationName":"nextToken"
        },
        "MaxResults":{
          "shape":"MaxResult1000",
          "box":true,
          "location":"querystring",
          "locationName":"maxResults"
        }
      }
    },
    "ListUsersResponse":{
      "type":"structure",
      "members":{
        "UserSummaryList":{"shape":"UserSummaryList"},
        "NextToken":{"shape":"NextToken"}
      }
    },
    "MaxResult1000":{
      "type":"integer",
      "max":1000,
      "min":1
    },
    "Message":{"type":"string"},
    "NextToken":{"type":"string"},
    "OutboundContactNotPermittedException":{
      "type":"structure",
      "members":{
        "Message":{"shape":"Message"}
      },
      "error":{"httpStatusCode":403},
      "exception":true
    },
    "Password":{
      "type":"string",
      "pattern":"/^(?=.*[a-z])(?=.*[A-Z])(?=.*\\d)[a-zA-Z\\d\\S]{8,}$/"
    },
    "PhoneNumber":{"type":"string"},
    "PhoneType":{
      "type":"string",
      "enum":[
        "SOFT_PHONE",
        "DESK_PHONE"
      ]
    },
    "QueueId":{"type":"string"},
    "ResourceNotFoundException":{
      "type":"structure",
      "members":{
        "Message":{"shape":"Message"}
      },
      "error":{"httpStatusCode":404},
      "exception":true
    },
    "RoutingProfileId":{"type":"string"},
    "RoutingProfileName":{
      "type":"string",
      "max":100,
      "min":1
    },
    "RoutingProfileSummary":{
      "type":"structure",
      "members":{
        "Id":{"shape":"RoutingProfileId"},
        "Arn":{"shape":"ARN"},
        "Name":{"shape":"RoutingProfileName"}
      }
    },
    "RoutingProfileSummaryList":{
      "type":"list",
      "member":{"shape":"RoutingProfileSummary"}
    },
    "SecurityProfileId":{"type":"string"},
    "SecurityProfileIds":{
      "type":"list",
      "member":{"shape":"SecurityProfileId"},
      "max":10,
      "min":1
    },
    "SecurityProfileName":{"type":"string"},
    "SecurityProfileSummary":{
      "type":"structure",
      "members":{
        "Id":{"shape":"SecurityProfileId"},
        "Arn":{"shape":"ARN"},
        "Name":{"shape":"SecurityProfileName"}
      }
    },
    "SecurityProfileSummaryList":{
      "type":"list",
      "member":{"shape":"SecurityProfileSummary"}
    },
    "SecurityToken":{
      "type":"string",
      "sensitive":true
    },
    "StartOutboundVoiceContactRequest":{
      "type":"structure",
      "required":[
        "DestinationPhoneNumber",
        "ContactFlowId",
        "InstanceId"
      ],
      "members":{
        "DestinationPhoneNumber":{"shape":"PhoneNumber"},
        "ContactFlowId":{"shape":"ContactFlowId"},
        "InstanceId":{"shape":"InstanceId"},
        "ClientToken":{
          "shape":"ClientToken",
          "idempotencyToken":true
        },
        "SourcePhoneNumber":{"shape":"PhoneNumber"},
        "QueueId":{"shape":"QueueId"},
        "Attributes":{"shape":"Attributes"}
      }
    },
    "StartOutboundVoiceContactResponse":{
      "type":"structure",
      "members":{
        "ContactId":{"shape":"ContactId"}
      }
    },
    "StopContactRequest":{
      "type":"structure",
      "required":[
        "ContactId",
        "InstanceId"
      ],
      "members":{
        "ContactId":{"shape":"ContactId"},
        "InstanceId":{"shape":"InstanceId"}
      }
    },
    "StopContactResponse":{
      "type":"structure",
      "members":{
      }
    },
    "ThrottlingException":{
      "type":"structure",
      "members":{
        "Message":{"shape":"Message"}
      },
      "error":{"httpStatusCode":429},
      "exception":true
    },
    "UpdateUserHierarchyRequest":{
      "type":"structure",
      "required":[
        "UserId",
        "InstanceId"
      ],
      "members":{
        "HierarchyGroupId":{"shape":"HierarchyGroupId"},
        "UserId":{
          "shape":"UserId",
          "location":"uri",
          "locationName":"UserId"
        },
        "InstanceId":{
          "shape":"InstanceId",
          "location":"uri",
          "locationName":"InstanceId"
        }
      }
    },
    "UpdateUserIdentityInfoRequest":{
      "type":"structure",
      "required":[
        "IdentityInfo",
        "UserId",
        "InstanceId"
      ],
      "members":{
        "IdentityInfo":{"shape":"UserIdentityInfo"},
        "UserId":{
          "shape":"UserId",
          "location":"uri",
          "locationName":"UserId"
        },
        "InstanceId":{
          "shape":"InstanceId",
          "location":"uri",
          "locationName":"InstanceId"
        }
      }
    },
    "UpdateUserPhoneConfigRequest":{
      "type":"structure",
      "required":[
        "PhoneConfig",
        "UserId",
        "InstanceId"
      ],
      "members":{
        "PhoneConfig":{"shape":"UserPhoneConfig"},
        "UserId":{
          "shape":"UserId",
          "location":"uri",
          "locationName":"UserId"
        },
        "InstanceId":{
          "shape":"InstanceId",
          "location":"uri",
          "locationName":"InstanceId"
        }
      }
    },
    "UpdateUserRoutingProfileRequest":{
      "type":"structure",
      "required":[
        "RoutingProfileId",
        "UserId",
        "InstanceId"
      ],
      "members":{
        "RoutingProfileId":{"shape":"RoutingProfileId"},
        "UserId":{
          "shape":"UserId",
          "location":"uri",
          "locationName":"UserId"
        },
        "InstanceId":{
          "shape":"InstanceId",
          "location":"uri",
          "locationName":"InstanceId"
        }
      }
    },
    "UpdateUserSecurityProfilesRequest":{
      "type":"structure",
      "required":[
        "SecurityProfileIds",
        "UserId",
        "InstanceId"
      ],
      "members":{
        "SecurityProfileIds":{"shape":"SecurityProfileIds"},
        "UserId":{
          "shape":"UserId",
          "location":"uri",
          "locationName":"UserId"
        },
        "InstanceId":{
          "shape":"InstanceId",
          "location":"uri",
          "locationName":"InstanceId"
        }
      }
    },
    "User":{
      "type":"structure",
      "members":{
        "Id":{"shape":"UserId"},
        "Arn":{"shape":"ARN"},
        "Username":{"shape":"AgentUsername"},
        "IdentityInfo":{"shape":"UserIdentityInfo"},
        "PhoneConfig":{"shape":"UserPhoneConfig"},
        "DirectoryUserId":{"shape":"DirectoryUserId"},
        "SecurityProfileIds":{"shape":"SecurityProfileIds"},
        "RoutingProfileId":{"shape":"RoutingProfileId"},
        "HierarchyGroupId":{"shape":"HierarchyGroupId"}
      }
    },
    "UserId":{"type":"string"},
    "UserIdentityInfo":{
      "type":"structure",
      "members":{
        "FirstName":{"shape":"AgentFirstName"},
        "LastName":{"shape":"AgentLastName"},
        "Email":{"shape":"Email"}
      }
    },
    "UserNotFoundException":{
      "type":"structure",
      "members":{
        "Message":{"shape":"Message"}
      },
      "error":{"httpStatusCode":404},
      "exception":true
    },
    "UserPhoneConfig":{
      "type":"structure",
      "required":["PhoneType"],
      "members":{
        "PhoneType":{"shape":"PhoneType"},
        "AutoAccept":{"shape":"AutoAccept"},
        "AfterContactWorkTimeLimit":{"shape":"AfterContactWorkTimeLimit"},
        "DeskPhoneNumber":{"shape":"PhoneNumber"}
      }
    },
    "UserSummary":{
      "type":"structure",
      "members":{
        "Id":{"shape":"UserId"},
        "Arn":{"shape":"ARN"},
        "Username":{"shape":"AgentUsername"}
      }
    },
    "UserSummaryList":{
      "type":"list",
      "member":{"shape":"UserSummary"}
    },
    "timestamp":{"type":"timestamp"}
  }
}
