[
    {
        "hotelId": "1",
        "lat": 51.502973,
        "lon": -0.114723
    },
    {
        "hotelId": "2",
        "lat": 51.502973,
        "lon": -0.114723
    },
    {
        "hotelId": "3",
        "lat": 51.502973,
        "lon": -0.114723
    },
    {
        "hotelId": "4",
        "lat": 51.502973,
        "lon": -0.114723
    },
    {
        "hotelId": "5",
        "lat": 51.502973,
        "lon": -0.114723
    },
    {
        "hotelId": "6",
        "lat": 51.502973,
        "lon": -0.114723
    }
]
